ACCIDENT_YEAR,COLLISION_DATE,COLLISION_TIME,MONTH,SEASON,24HOURS,DAY_OF_WEEK,INTERSECTION,WEATHER_1,STATE_HWY_IND,ROAD_SURFACE,ROAD_COND_1,LIGHTING,STWD_VEHTYPE_AT_FAULT,CHP_VEHTYPE_AT_FAULT,DIRECTION,PCF_VIOL_CATEGORY,TYPE_OF_COLLISION,PEDESTRIAN_ACCIDENT,BICYCLE_ACCIDENT,MOTORCYCLE_ACCIDENT,TRUCK_ACCIDENT,MVIW,TOW_AWAY,HIT_AND_RUN,CONTROL_DEVICE,NUMBER_INJURED,COUNT_PED_INJURED,COUNT_BICYCLIST_INJURED,COUNT_MC_INJURED,PCF_VIOLATION,PARTY_COUNT,POINT_Y,POINT_X,COLLISION_SEVERITY
2015,2015-06-13,2150,6,2,21,6,N,A,N,A,H,C,-,99,E,10,G,Y,,,,B,N,F,A,1,1,0,0,21950.0,2,39.12756399,-121.55836612,2
2015,2015-06-06,1605,6,2,16,6,Y,A,N,A,H,A,A,01,,09,D,,,,,C,Y,N,D,1,0,0,0,21804.0,2,39.1273699,-121.563,4
2015,2015-06-04,1350,6,2,13,4,N,A,Y,A,H,A,A,01,E,08,E,,,,,J,Y,N,D,1,0,0,0,22107.0,1,39.22562533,-121.34773111,4
2015,2015-06-07,1005,6,2,10,7,Y,A,N,A,H,A,A,01,,09,D,,Y,,,G,N,N,A,1,0,1,0,21802.0,2,39.11821997,-121.57889994,2
2015,2015-06-21,255,6,2,2,7,N,A,Y,A,H,D,A,01,S,03,C,,,,,C,Y,N,D,1,0,0,0,22350.0,2,39.10569164,-121.55331504,4
2015,2015-06-25,1639,6,2,16,4,Y,A,N,A,H,A,A,01,,03,C,,,,,C,N,N,A,1,0,0,0,22350.0,2,39.00877994,-121.42645,4
2015,2015-07-04,125,7,2,1,6,N,A,Y,A,H,D,N,60,W,11,G,Y,,,,B,N,N,D,0,0,0,0,21954.0,2,39.18116977,-121.54476313,1
2015,2015-01-19,1817,1,4,18,1,N,A,N,A,H,D,L,04,N,08,E,,Y,,,I,N,N,D,0,0,0,0,22107.0,1,39.11416528,-121.55902574,1
2015,2015-04-03,1623,4,1,16,5,N,A,N,A,H,A,D,22,W,03,E,,,,,I,Y,N,D,0,0,0,0,22350.0,1,39.19645109,-121.33585207,1
2015,2015-07-05,1847,7,2,18,7,Y,A,Y,B,H,A,A,01,,03,C,,,,,-,Y,N,A,1,0,0,0,22350.0,3,39.14899251,-121.58023365,4
2015,2015-08-18,1458,8,2,14,2,N,A,Y,A,H,A,A,01,S,03,C,,,,,C,N,N,A,1,0,0,0,22350.0,2,39.15457646,-121.58798401,4
2015,2015-08-12,1449,8,2,14,3,N,A,Y,A,H,A,D,22,N,05,B,,Y,,,G,N,N,D,1,0,1,0,21650.0,2,39.1489898,-121.58713944,3
2015,2015-06-07,1940,6,2,19,7,N,A,N,A,H,A,A,01,S,08,B,,,,,C,Y,F,D,1,0,0,0,22107.0,2,39.10208421,-121.57963693,4
2015,2015-06-13,1150,6,2,11,6,N,A,Y,A,H,A,A,01,S,03,C,,,,,C,Y,N,D,3,0,0,0,22350.0,3,39.19386799,-121.59489582,3
2015,2015-06-25,610,6,2,6,4,N,A,Y,A,H,A,D,22,N,08,F,,,,,A,Y,N,D,1,0,0,0,22107.0,1,39.19230074,-121.59488111,3
2015,2015-08-25,2110,8,2,21,2,Y,A,N,A,H,C,A,01,,09,D,,,,,C,Y,N,D,3,0,0,0,21802.0,2,39.14008991,-121.59206994,4
2015,2015-08-30,1620,8,2,16,7,Y,A,Y,A,H,A,A,01,,06,B,,,,,C,N,F,A,1,0,0,0,21750.0,2,39.14861965,-121.58466809,4
2015,2015-06-28,47,6,2,0,7,N,A,Y,A,H,D,A,01,S,08,E,,,,,I,Y,M,D,1,0,0,0,22107.0,1,39.29000635,-121.59480084,3
2015,2015-06-23,632,6,2,6,2,N,A,N,A,H,A,A,01,E,03,E,,,,,I,Y,N,D,1,0,0,0,22350.0,1,39.17607743,-121.40343284,4
2015,2015-06-21,2245,6,2,22,7,N,A,Y,A,H,C,A,01,N,08,F,,,,,A,Y,N,D,1,0,0,0,22107.0,1,39.08482712,-121.54200148,4
2015,2015-11-10,1437,11,3,14,2,Y,A,Y,A,H,A,A,01,,03,C,,,,,C,Y,N,D,1,0,0,0,22350.0,3,39.14442118,-121.6033391,4
2015,2015-09-04,2037,9,3,20,5,Y,A,Y,A,H,C,C,02,,12,B,,,Y,,C,Y,N,A,1,0,0,1,21453.0,2,39.14022017,-121.59063444,4
2015,2015-09-22,846,9,3,8,2,N,A,N,A,H,A,N,60,S,11,G,Y,,,,B,N,N,D,1,1,0,0,21954.0,2,39.15512253,-121.5835028,4
2015,2015-09-19,1839,9,3,18,6,Y,A,Y,A,H,A,A,01,,12,D,,,,,C,Y,N,A,1,0,0,0,21453.0,2,39.14873499,-121.5833536,4
2014,2014-05-06,1511,5,1,15,2,Y,A,N,A,H,A,A,01,,09,D,,,,,C,Y,N,A,2,0,0,0,21801.0,2,39.13786998,-121.59173988,2
2015,2015-10-07,829,10,3,8,3,N,A,N,A,H,A,D,22,N,03,G,Y,,,,B,N,N,D,1,1,0,0,22350.0,2,39.1053065,-121.41046806,4
2015,2015-10-05,1446,10,3,14,1,N,A,N,A,H,A,A,01,E,03,C,,,,,C,N,N,A,1,0,0,0,22350.0,2,39.13786998,-121.59173988,4
2015,2015-08-22,820,8,2,8,6,N,A,N,A,H,A,D,22,S,05,B,,,,Y,C,Y,N,D,1,0,0,0,21460.0,2,39.06209112,-121.57901906,4
2015,2015-11-09,854,11,3,8,1,Y,B,N,B,-,A,-,- ,,17,D,,,,,D,Y,N,A,2,0,0,0,21451.0,2,39.13761999,-121.59476991,4
2015,2015-11-17,24,11,3,0,2,N,A,Y,A,H,C,-,- ,W,18,G,Y,,,,B,N,N,D,1,1,0,0,,2,39.14901092,-121.58005093,4
2015,2015-12-04,1534,12,4,15,5,Y,A,N,A,H,A,-,- ,,09,D,,,,,C,Y,N,A,1,0,0,0,21801.0,2,39.1398599,-121.59504996,4
2015,2015-11-21,1255,11,3,12,6,Y,A,N,A,H,A,A,01,,09,D,,,Y,,-,Y,N,-,1,0,0,1,21802.0,2,39.14881994,-121.58185996,3
2015,2015-12-02,726,12,4,7,3,Y,B,Y,A,H,A,A,07,,03,C,,,,,C,N,N,A,1,0,0,0,22350.0,2,39.14357214,-121.59100441,4
2015,2015-12-05,1614,12,4,16,6,Y,A,Y,A,H,A,A,01,,09,D,,,,,C,Y,F,A,1,0,0,0,21804.0,2,39.14478779,-121.58974541,4
2015,2015-12-06,2237,12,4,22,7,Y,B,Y,B,H,C,A,01,,09,D,,,,,C,Y,N,A,1,0,0,0,21801.0,2,39.14022017,-121.59063444,4
2015,2015-12-08,1627,12,4,16,2,Y,A,Y,A,H,A,A,01,,08,D,,,,,C,Y,N,A,1,0,0,0,22100.0,2,39.14540512,-121.59128426,4
2016,2016-01-02,1752,1,4,17,6,N,A,N,A,H,C,A,01,E,03,C,,,,,C,N,N,A,1,0,0,0,22350.0,2,39.145446,-121.5958905,4
2016,2016-01-22,1237,1,4,12,5,Y,C,N,B,H,A,D,22,,09,A,Y,,,,B,N,N,A,1,1,0,0,21802.0,2,39.10501999,-121.40782996,4
2016,2016-01-28,1021,1,4,10,4,Y,B,Y,B,H,A,D,22,,17,A,,,,,C,N,N,A,1,0,0,0,21451.0,2,39.14873499,-121.5833536,4
2016,2016-01-19,311,1,4,3,2,N,C,Y,B,H,D,A,01,W,03,D,,,,,C,Y,N,D,2,0,0,0,22350.0,2,39.14984412,-121.57662526,4
2016,2016-01-25,806,1,4,8,1,Y,A,N,A,H,A,A,01,,03,C,,,,,C,Y,N,A,1,0,0,0,22350.0,10,39.13958997,-121.59891992,4
2016,2016-02-15,1554,2,4,15,1,Y,A,N,A,H,A,A,01,,03,E,,,,,I,Y,N,D,0,0,0,0,22350.0,1,39.1459299,-121.58980992,1
2016,2016-02-04,1237,2,4,12,4,Y,A,Y,A,H,A,A,01,,17,-,,,,,C,Y,N,A,1,0,0,0,21461.0,2,39.14537098,-121.59658609,4
2016,2016-07-05,453,7,2,4,2,N,A,N,A,H,C,A,01,E,10,G,Y,,,,B,N,N,D,0,0,0,0,21950.0,2,39.14009305,-121.59203141,1
2016,2016-02-20,1720,2,4,17,6,Y,A,Y,A,-,A,A,01,,12,C,,,,,C,Y,N,A,1,0,0,0,21453.0,2,39.14873499,-121.5833536,4
2016,2016-02-16,805,2,4,8,2,Y,A,Y,A,H,A,A,01,,12,B,,,,,C,Y,N,A,1,0,0,0,21453.0,2,39.15508304,-121.58805896,4
2017,2017-02-18,1035,2,4,10,6,N,B,Y,B,H,A,A,01,E,03,D,,,,,I,Y,N,D,0,0,0,0,22349.0,1,39.1551818,-121.56922794,1
2016,2016-02-27,2230,2,4,22,6,Y,A,Y,A,H,C,F,26,,01,C,,,,Y,C,N,N,A,1,0,0,0,23153.0,2,39.13758812,-121.59015423,4
2016,2016-03-06,1329,3,1,13,7,N,B,Y,B,H,A,A,01,,03,B,,,,,C,Y,N,D,2,0,0,0,22350.0,2,39.14524078,-121.59821584,2
2016,2016-03-07,745,3,1,7,1,N,B,Y,B,H,A,A,01,N,09,D,,,,,C,Y,N,D,1,0,0,0,21801.0,2,39.15811457,-121.56529512,4
2016,2016-03-11,1501,3,1,15,5,N,A,N,A,H,A,F,26,W,03,C,,,,Y,C,N,N,D,1,0,0,0,22350.0,3,39.13956,-121.59958,4
2016,2016-03-25,1714,3,1,17,5,N,A,Y,A,H,A,A,01,N,09,D,,,,,C,N,N,D,2,0,0,0,21804.0,2,39.16288848,-121.56040151,4
2016,2016-04-16,1439,4,1,14,6,Y,A,Y,A,H,A,A,07,,17,D,,,,,C,Y,N,A,1,0,0,0,21451.0,2,39.14537098,-121.59658609,4
2016,2016-04-11,1459,4,1,14,1,Y,A,N,A,H,A,A,01,,03,A,,,,,I,Y,N,D,2,0,0,0,22350.0,1,39.14202995,-121.58325989,3
2016,2016-05-12,1451,5,1,14,4,N,A,N,A,H,A,L,04,W,05,D,,Y,,,G,N,N,D,1,0,1,0,21650.0,2,39.15690691,-121.57856653,3
2016,2016-04-16,1519,4,1,15,6,Y,A,Y,A,H,A,A,01,,03,C,,,,,C,Y,N,A,1,0,0,0,22350.0,3,39.15377202,-121.5878606,4
2016,2016-04-08,1213,4,1,12,5,N,A,Y,A,H,A,A,01,E,03,C,,,,,C,N,N,A,1,0,0,0,22350.0,2,39.14544933,-121.59563496,4
2016,2016-04-21,1403,4,1,14,4,Y,B,N,A,H,A,A,01,,03,C,,,,,C,Y,N,A,2,0,0,0,22350.0,2,39.1398599,-121.59504996,4
2016,2016-04-23,1144,4,1,11,6,Y,B,N,A,H,A,A,01,,09,D,,,,,C,Y,N,A,1,0,0,0,21800.0,2,39.14055997,-121.58600993,4
2016,2016-05-15,1616,5,1,16,7,Y,A,N,A,H,A,A,01,,09,A,,,,,C,Y,N,A,6,0,0,0,21802.0,3,39.14008991,-121.59206994,4
2016,2016-05-07,1207,5,1,12,6,Y,B,Y,A,H,A,A,01,,09,D,,,,,D,Y,N,A,1,0,0,0,21801.0,2,39.14678005,-121.58685926,4
2016,2016-05-20,724,5,1,7,5,N,A,Y,A,H,A,G,25,,03,C,,,,Y,C,Y,N,A,1,0,0,0,22350.0,2,39.14540728,-121.59614826,4
2016,2016-05-25,2059,5,1,20,3,Y,A,Y,A,H,C,N,60,,11,G,Y,,,,B,N,N,D,1,1,0,0,21954.0,2,39.1467748,-121.58686092,3
2016,2016-05-05,1751,5,1,17,4,-,A,Y,A,H,A,A,07,W,03,C,,,,,C,Y,N,D,1,0,0,0,22350.0,3,39.14295047,-121.61089175,4
2016,2016-06-05,119,6,2,1,7,Y,A,Y,A,H,C,A,01,,11,G,Y,,,,B,N,N,A,1,1,0,0,21954.0,2,39.14806209,-121.58699985,2
2016,2016-06-22,1706,6,2,17,3,N,A,N,A,H,A,A,01,W,01,A,,,,,C,N,N,D,2,0,0,0,23153.0,2,39.13956,-121.59958,3
2016,2016-06-12,1052,6,2,10,7,N,A,Y,A,H,A,A,01,N,01,B,,,,,C,Y,F,A,3,0,0,0,23152.0,2,39.13815159,-121.59022688,3
2016,2016-06-22,858,6,2,8,3,N,A,Y,A,H,A,A,01,,01,F,,,,,I,Y,N,D,1,0,0,0,23152.0,1,39.14911537,-121.57869021,3
2016,2016-07-13,1727,7,2,17,3,Y,A,Y,A,H,A,A,07,,01,D,,,,,C,Y,N,D,4,0,0,0,23153.0,2,39.14897471,-121.58042815,3
2016,2016-06-29,802,6,2,8,3,N,A,N,A,H,A,C,06,N,01,F,,,Y,,J,Y,N,-,1,0,0,1,23152.0,1,39.14964735,-121.60112143,4
2016,2016-07-12,1607,7,2,16,2,Y,A,N,A,H,A,N,60,,11,G,Y,,,,B,N,N,D,1,1,0,0,21950.0,2,39.13996999,-121.59351995,3
2016,2016-07-31,151,7,2,1,7,N,A,N,A,E,C,A,01,S,01,E,,,,,I,Y,N,D,1,0,0,0,23152.0,1,,,2
2016,2016-08-05,1531,8,2,15,5,Y,A,Y,-,H,A,L,04,,05,D,,Y,,,G,N,N,D,1,0,1,0,21650.0,2,39.14861965,-121.58466809,4
2016,2016-07-23,1738,7,2,17,6,Y,A,Y,B,H,A,A,01,,09,D,,,Y,,C,Y,N,D,1,0,0,1,21801.0,2,39.14751978,-121.58692662,3
2016,2016-08-15,1311,8,2,13,1,Y,A,Y,-,H,A,C,02,,03,C,,,Y,,C,Y,N,D,1,0,0,1,22350.0,2,39.14483308,-121.58915327,3
2016,2016-08-08,1322,8,2,13,1,Y,A,Y,A,H,A,L,04,,05,B,,Y,,,G,N,N,A,1,0,1,0,21650.0,2,39.14537098,-121.59658609,3
2016,2016-08-06,926,8,2,9,6,Y,A,Y,A,H,A,N,60,,17,G,Y,,,,B,N,N,A,1,1,0,0,21451.0,2,39.14560173,-121.59374432,2
2016,2016-08-29,1104,8,2,11,1,Y,A,N,A,H,A,A,07,,09,D,,,,,C,N,N,A,1,0,0,0,21802.0,2,39.15013993,-121.59349987,3
2016,2016-08-26,1215,8,2,12,5,Y,A,Y,A,H,A,A,01,,12,D,,,,,C,Y,N,A,1,0,0,0,21453.0,3,39.00881195,-121.42389678,4
2016,2016-08-01,1619,8,2,16,1,N,A,N,A,H,A,D,22,E,21,H,,,,,C,N,N,A,1,0,0,0,22106.0,2,39.14286033,-121.58562673,4
2016,2016-09-09,1619,9,3,16,5,N,A,N,A,H,A,D,22,E,09,D,,,,,C,Y,N,A,2,0,0,0,21804.0,2,39.13799186,-121.59031736,4
2016,2016-08-30,1624,8,2,16,2,Y,A,Y,A,H,A,F,26,,09,D,,,Y,Y,C,N,N,A,1,0,0,1,21801.0,2,39.14022764,-121.5905248,3
2016,2016-09-08,2500,9,3,25,4,Y,A,Y,A,H,A,A,01,,10,G,Y,,,,B,N,F,A,1,1,0,0,21950.0,2,39.14542309,-121.59129876,4
2016,2016-09-20,1337,9,3,13,2,Y,A,Y,A,H,A,A,01,,10,G,Y,,,,B,Y,N,A,2,2,0,0,21950.0,3,39.15286112,-121.5877205,3
2016,2016-09-02,1128,9,3,11,5,Y,A,N,A,H,A,L,04,,12,D,,Y,,,G,N,N,D,1,0,1,0,22450.0,2,39.15078999,-121.57684989,3
2016,2016-09-25,222,9,3,2,7,N,A,N,B,H,C,A,01,N,01,C,,,,,E,Y,N,D,1,0,0,0,23152.0,1,39.15904281,-121.57947107,4
2016,2016-09-15,1613,9,3,16,4,N,A,Y,A,H,A,C,02,E,01,A,,,Y,,C,Y,F,A,1,0,0,0,23152.0,2,39.14844961,-121.58703061,3
2016,2016-09-30,2334,9,3,23,5,Y,A,N,A,H,C,D,22,,01,D,,,,,C,Y,N,A,1,0,0,0,23152.0,2,39.145581,-121.5943695,4
2016,2016-09-20,1521,9,3,15,2,Y,-,Y,A,H,A,A,07,,10,G,Y,,,,B,N,N,A,1,1,0,0,21950.0,2,39.14547217,-121.59529462,3
2016,2016-08-03,1552,8,2,15,3,Y,A,N,A,H,A,A,01,,03,C,,,,,C,N,N,A,1,0,0,0,22350.0,2,39.13962995,-121.59812998,4
2016,2016-10-13,1609,10,3,16,4,Y,A,Y,A,H,A,L,04,,05,H,,Y,,,G,N,N,A,1,0,1,0,21650.0,2,39.14471733,-121.59061595,4
2016,2016-09-26,1546,9,3,15,1,N,A,N,A,H,A,D,22,W,05,A,,,,,C,Y,N,D,2,0,0,0,21651.0,2,39.13956,-121.59958,3
2016,2016-09-22,1630,9,3,16,4,Y,A,Y,A,H,A,A,07,,03,C,,,,,D,Y,N,D,3,0,0,0,22350.0,4,,,4
2016,2016-10-01,219,10,3,2,6,N,B,N,B,H,C,A,01,W,05,A,,,,,I,Y,N,D,1,0,0,0,21650.0,1,39.15059307,-121.58800006,2
2016,2016-10-25,1244,10,3,12,2,Y,B,Y,B,H,A,A,01,,12,D,,,,,C,Y,N,A,1,0,0,0,21453.0,3,39.14357214,-121.59100441,3
2016,2016-10-29,2103,10,3,21,6,Y,A,Y,A,H,C,A,01,,12,D,,,,,D,Y,N,A,3,0,0,0,21453.0,2,39.13798678,-121.59034507,3
2016,2016-11-02,1740,11,3,17,3,Y,A,N,A,H,A,L,04,,12,G,,Y,,,G,N,N,A,1,0,1,0,21453.0,2,39.14651988,-121.58231996,3
2016,2016-11-08,1018,11,3,10,2,N,A,Y,A,H,A,A,07,N,09,D,,,,,C,Y,N,A,2,0,0,0,21804.0,3,39.14717612,-121.58689157,3
2016,2016-11-11,1350,11,3,13,5,Y,B,Y,A,H,A,A,01,,09,A,,,,,I,Y,N,D,4,0,0,0,21801.0,2,39.15811457,-121.56529512,4
2016,2016-11-13,1408,11,3,14,7,Y,A,Y,A,H,A,A,01,,00,D,,,,,C,N,N,A,1,0,0,0,22453.0,3,39.14357214,-121.59100441,4
2016,2016-11-30,1624,11,3,16,3,N,B,Y,A,H,B,A,01,W,03,C,,,,,C,Y,N,A,3,0,0,0,22350.0,2,39.14488451,-121.60060991,4
2016,2016-11-29,1339,11,3,13,2,Y,A,Y,A,H,A,A,01,,06,D,,,,,C,Y,N,D,1,0,0,0,21755.0,2,39.15191832,-121.58759197,3
2016,2016-11-29,1733,11,3,17,2,N,A,Y,A,H,A,D,22,N,03,C,,,,,C,Y,N,D,1,0,0,0,22350.0,2,39.14471199,-121.60163391,4
2017,2017-02-20,1838,2,4,18,1,N,C,Y,B,H,D,A,01,W,01,A,,,,Y,C,Y,N,D,1,0,0,0,23152.0,2,39.15118875,-121.57480653,4
2017,2017-02-23,815,2,4,8,4,Y,A,Y,A,H,A,A,01,,12,D,,,,,C,Y,N,A,1,0,0,0,21453.0,2,39.14132412,-121.59069323,4
2017,2017-02-24,1815,2,4,18,5,N,A,N,A,H,B,A,01,W,05,D,,,,,C,Y,N,D,2,0,0,0,21650.0,2,,,3
2016,2016-12-15,1931,12,4,19,4,Y,B,N,B,H,C,A,01,,12,D,,,,,C,Y,N,A,1,0,0,0,22450.0,2,39.15013993,-121.59349987,4
2016,2016-12-09,1711,12,4,17,5,N,B,N,B,H,C,A,01,N,03,E,,,,,J,N,N,D,3,0,0,0,22350.0,1,39.14937,-121.57737,4
2016,2016-12-18,1510,12,4,15,7,Y,A,N,A,H,A,A,01,,09,D,,,,,C,Y,N,A,2,0,0,0,21801.0,2,39.13786998,-121.59173988,3
2016,2016-12-20,1239,12,4,12,2,Y,A,Y,A,H,A,C,03,,03,H,,,Y,,I,N,N,D,1,0,0,1,22350.0,1,39.14573888,-121.59218709,4
2016,2016-12-25,942,12,4,9,7,N,A,Y,A,H,A,A,01,E,03,C,,,,,C,N,N,D,1,0,0,0,22350.0,3,39.14505562,-121.5995878,4
2016,2016-12-01,625,12,4,6,4,N,A,Y,A,-,C,A,01,E,09,A,,,,,C,Y,N,A,1,0,0,0,21804.0,2,39.14845151,-121.58706065,3
2016,2016-12-27,1009,12,4,10,2,Y,A,N,A,H,A,A,01,,12,D,,,,,C,Y,N,A,1,0,0,0,21453.0,2,39.13761999,-121.59476991,4
2016,2016-12-25,1523,12,4,15,7,Y,A,N,A,H,A,A,01,,21,G,Y,,,,B,N,N,D,1,0,0,0,22106.0,2,39.10500991,-121.41045987,4
2016,2016-12-23,958,12,4,9,5,N,A,Y,A,H,A,L,04,E,09,D,,Y,,,G,N,N,A,1,0,1,0,21804.0,2,39.1448953,-121.59121764,4
2017,2017-02-01,1238,2,4,12,3,Y,B,N,A,H,A,A,01,,05,A,,,,,C,Y,N,D,2,0,0,0,21460.0,2,39.022092,-121.403763,2
2017,2017-02-06,2117,2,4,21,1,Y,A,N,A,H,A,D,22,,12,D,,,,,C,N,N,A,1,0,0,0,21453.0,2,39.10704996,-121.39514997,4
2017,2017-03-10,1803,3,1,18,5,N,A,N,A,H,B,A,07,W,03,C,,,,,C,N,N,D,1,0,0,0,22350.0,2,,,4
2017,2017-03-10,1403,3,1,14,5,Y,A,N,A,-,A,A,07,,09,D,,,,,C,Y,N,A,1,0,0,0,21804.0,2,39.00877994,-121.42645,4
2017,2017-03-20,1507,3,1,15,1,N,B,Y,B,H,A,A,01,W,03,C,,,,,C,Y,N,A,1,0,0,0,22350.0,3,39.14547112,-121.59527226,4
2017,2017-03-17,1617,3,1,16,5,N,A,Y,A,H,A,B,01,S,03,C,,,,,C,Y,N,A,3,0,0,0,22350.0,4,39.13758812,-121.59015423,4
2017,2017-03-16,1500,3,1,15,4,Y,A,Y,A,H,A,A,01,,12,B,,,,,C,Y,N,A,1,0,0,0,21453.0,3,39.14873346,-121.5833425,4
2017,2017-04-04,1725,4,1,17,2,Y,A,N,A,H,A,A,07,,09,D,,,,,C,Y,N,A,1,0,0,0,21802.0,2,39.13971995,-121.59654991,3
2017,2017-04-10,1533,4,1,15,1,Y,A,N,A,H,A,A,07,,09,D,,,,,C,Y,N,D,1,0,0,0,21804.0,3,39.00633991,-121.42856987,4
2017,2017-04-14,2235,4,1,22,5,Y,A,Y,A,H,C,-,- ,,00,H,,,,,C,Y,N,A,3,0,0,0,,2,39.14357214,-121.59100441,4
2017,2017-04-06,1029,4,1,10,4,Y,A,Y,A,H,A,A,08,,12,D,,,,,C,Y,N,A,1,0,0,0,21453.0,2,39.14873499,-121.5833536,4
2017,2017-05-07,1442,5,1,14,7,Y,A,Y,A,H,A,A,01,,04,C,,,,,C,Y,N,D,2,0,0,0,21703.0,2,39.00736999,-121.41944992,4
2017,2017-04-29,1425,4,1,14,6,N,A,Y,A,H,A,A,01,N,07,E,,,,,I,Y,N,A,1,0,0,0,21658.0,1,39.14486753,-121.58880898,4
2017,2017-04-18,840,4,1,8,2,Y,B,N,B,H,A,D,22,,09,D,,,,,C,Y,N,A,1,0,0,0,21802.0,2,39.14055997,-121.58600993,4
2017,2017-05-17,1743,5,1,17,3,Y,A,N,A,H,A,A,01,,03,B,,,,,C,Y,N,D,1,0,0,0,22350.0,2,39.13786998,-121.59173988,4
2017,2017-05-19,1259,5,1,12,5,N,A,N,A,H,A,A,01,W,00,C,,,,,C,Y,N,D,1,0,0,0,23170.0,4,,,4
2017,2017-06-01,1831,6,2,18,4,N,A,N,A,H,A,A,08,W,03,D,,,,,E,Y,N,D,1,0,0,0,22350.0,2,39.14985117,-121.59686073,4
2017,2017-05-28,1757,5,1,17,7,-,A,N,A,H,A,A,07,,04,C,,,,,D,N,N,D,1,0,0,0,21703.0,2,39.00772996,-121.43621991,4
2017,2017-06-08,1305,6,2,13,4,N,B,N,B,H,A,A,07,W,03,C,,,,,C,Y,N,D,2,0,0,0,22350.0,4,39.13956592,-121.59944978,4
2017,2017-06-06,1631,6,2,16,2,Y,A,N,A,H,A,A,01,,12,A,,,,,C,Y,N,A,3,0,0,0,22450.0,2,39.14328,-121.59401989,4
2017,2017-06-30,1316,6,2,13,5,Y,A,N,A,H,A,A,01,,01,E,,,,,I,Y,N,A,1,0,0,0,23152.0,1,39.00877994,-121.42645,2
2018,2018-04-16,2059,4,1,20,1,N,B,Y,B,H,C,F,26,S,03,C,,,,Y,C,Y,N,A,1,0,0,0,22350.0,3,39.14428329467773,-121.5911102294922,4
2018,2018-01-18,1602,1,4,16,4,N,C,N,B,H,B,N,60,E,10,G,Y,,,,B,N,F,A,1,1,0,0,21950.0,2,39.105018615722656,-121.40782928466795,4
2018,2018-05-15,1820,5,1,18,2,Y,A,Y,A,H,A,F,26,,12,D,,,,Y,D,Y,N,A,1,0,0,0,21453.0,2,39.145450592041016,-121.5867156982422,4
2018,2018-04-17,1449,4,1,14,2,N,A,Y,A,E,A,D,22,N,03,G,Y,,,,B,N,F,A,1,1,0,0,22350.0,2,39.14554977416992,-121.5944366455078,3
2017,2017-07-19,641,7,2,6,3,Y,A,Y,A,H,A,F,26,,17,D,,,,Y,C,Y,N,-,1,0,0,0,21461.0,2,39.14537098,-121.59658609,4
2017,2017-08-03,1145,8,2,11,4,Y,A,N,A,H,A,A,01,,21,G,Y,,,,B,N,N,D,1,1,0,0,22106.0,2,39.14506994,-121.58587988,3
2017,2017-08-29,1408,8,2,14,2,N,A,Y,A,H,A,A,01,E,09,D,,,,,C,Y,F,D,3,0,0,0,21801.0,2,39.14845151,-121.58706065,3
2017,2017-09-01,1719,9,3,17,5,Y,A,N,A,H,A,A,07,,10,G,Y,,,,B,N,N,A,1,1,0,0,21950.0,2,39.13812,-121.58866988,3
2017,2017-09-07,1705,9,3,17,4,Y,-,N,A,H,A,A,01,,12,D,,,,,C,Y,N,-,2,0,0,0,22450.0,3,39.14427998,-121.59571988,4
2017,2017-09-17,1632,9,3,16,7,Y,A,Y,A,D,A,A,01,,17,D,,,,,C,Y,N,A,1,0,0,0,21461.0,3,39.14536899,-121.59658027,4
2017,2017-09-26,1358,9,3,13,2,N,A,Y,A,H,A,-,- ,,09,G,,Y,,Y,G,N,N,A,1,0,1,0,21453.0,2,39.14542309,-121.59129876,4
2017,2017-09-21,2030,9,3,20,4,Y,A,N,A,H,D,A,01,,07,C,,,,,E,Y,N,D,1,0,0,0,21658.0,3,,,4
2017,2017-09-29,1835,9,3,18,5,Y,A,N,A,H,A,L,04,,12,D,,Y,,,G,N,N,A,1,0,1,0,21453.0,2,39.00877994,-121.42645,2
2017,2017-09-18,1443,9,3,14,1,Y,-,Y,A,H,A,A,07,,07,C,,,,,C,Y,N,D,1,0,0,0,21658.0,2,39.14861965,-121.58466809,4
2017,2017-10-19,1151,10,3,11,4,Y,A,Y,A,H,A,L,04,,05,H,,Y,,Y,G,N,N,A,1,0,1,0,21650.0,2,39.14861965,-121.58466809,3
2017,2017-10-20,820,10,3,8,5,Y,A,N,A,H,A,A,07,,12,D,,,,,C,Y,N,A,2,0,0,0,22450.0,2,39.14440996,-121.59418998,4
2017,2017-10-31,2003,10,3,20,2,N,A,N,A,H,C,D,22,N,09,D,,Y,,,G,N,N,D,1,0,1,0,21804.0,2,39.10911318,-121.39518339,4
2017,2017-11-06,1513,11,3,15,1,Y,A,N,A,H,A,A,08,,12,D,,,,,C,Y,N,D,1,0,0,0,22450.0,2,39.14191998,-121.59687993,4
2017,2017-10-30,1147,10,3,11,1,N,A,Y,A,H,A,A,01,N,03,C,,,,,C,Y,N,A,2,0,0,0,22350.0,3,39.14373233,-121.59102775,3
2017,2017-11-28,1739,11,3,17,2,N,A,N,A,H,C,L,04,E,11,B,,Y,,Y,G,N,N,A,1,0,1,0,21954.0,2,39.10502,-121.40783,4
2017,2017-10-16,1026,10,3,10,1,N,A,N,A,H,A,F,26,,21,C,,,,Y,E,N,N,A,1,0,0,0,22106.0,2,39.15121995,-121.59367997,4
2017,2017-12-21,1827,12,4,18,4,Y,A,Y,A,H,C,A,01,,09,D,,,,,C,Y,N,D,3,0,0,0,21801.0,2,39.15489542,-121.56962844,3