ACCIDENT_YEAR,COLLISION_DATE,COLLISION_TIME,MONTH,SEASON,24HOURS,DAY_OF_WEEK,INTERSECTION,WEATHER_1,STATE_HWY_IND,ROAD_SURFACE,ROAD_COND_1,LIGHTING,STWD_VEHTYPE_AT_FAULT,CHP_VEHTYPE_AT_FAULT,DIRECTION,PCF_VIOL_CATEGORY,TYPE_OF_COLLISION,PEDESTRIAN_ACCIDENT,BICYCLE_ACCIDENT,MOTORCYCLE_ACCIDENT,TRUCK_ACCIDENT,MVIW,TOW_AWAY,HIT_AND_RUN,CONTROL_DEVICE,NUMBER_INJURED,COUNT_PED_INJURED,COUNT_BICYCLIST_INJURED,COUNT_MC_INJURED,PCF_VIOLATION,PARTY_COUNT,POINT_Y,POINT_X,COLLISION_SEVERITY
2016,2016-01-31,1310,1,4,13,7,N,A,N,A,H,A,N,60,N,11,G,Y,,,,B,N,N,D,1,1,0,0,21954.0,2,39.07553601,-121.54909433,3
2016,2016-01-22,1130,1,4,11,5,N,C,Y,B,H,A,A,01,E,03,F,,,,,A,Y,N,D,1,0,0,0,22350.0,1,39.18267774,-121.54362916,3
2016,2016-02-01,750,2,4,7,1,Y,A,Y,A,H,A,A,01,,07,A,,,,,C,Y,N,D,1,0,0,0,21658.0,2,39.12455995,-121.57700989,4
2016,2016-02-06,910,2,4,9,6,N,A,N,A,H,A,D,22,E,08,E,,,,,I,Y,N,A,1,0,0,0,22107.0,1,39.14154472,-121.51441311,3
2016,2016-02-12,1615,2,4,16,5,N,A,N,A,H,A,D,22,S,09,D,,,,,C,N,N,D,1,0,0,0,21801.0,2,39.08057216,-121.54953686,4
2016,2016-02-13,1015,2,4,10,6,N,A,N,A,H,A,C,02,W,08,E,,,Y,,I,Y,N,D,1,0,0,1,22107.0,1,39.19311573,-121.34526895,2
2016,2016-02-15,1610,2,4,16,1,N,A,N,A,H,A,C,02,S,03,C,,,Y,,C,N,N,A,1,0,0,1,22350.0,2,39.09136765,-121.54247315,2
2016,2016-01-29,535,1,4,5,5,N,C,N,B,H,D,A,01,E,03,G,Y,,,,B,N,N,D,1,1,0,0,22350.0,3,39.12353579,-121.56263083,2
2016,2016-02-06,620,2,4,6,6,Y,A,Y,A,H,D,A,01,,09,D,,,,,C,Y,N,A,4,0,0,0,21802.0,2,39.04077229,-121.47165836,3
2016,2016-02-10,1530,2,4,15,3,N,A,N,A,H,A,C,06,S,01,E,,,Y,,I,N,N,D,1,0,0,1,23152.0,1,39.27544263,-121.36531736,2
2016,2016-01-30,1814,1,4,18,6,Y,A,N,A,H,C,A,01,,09,B,,,Y,,C,Y,N,A,1,0,0,1,21801.0,2,39.11334989,-121.55434,3
2016,2016-02-13,830,2,4,8,6,N,A,Y,A,H,A,A,01,S,08,E,,,,,I,Y,N,D,1,0,0,0,22107.0,1,39.09965585,-121.54649384,2
2016,2016-02-17,1750,2,4,17,3,N,B,N,B,H,D,A,07,W,03,C,,,,,C,N,N,A,1,0,0,0,22350.0,2,39.12566931,-121.57578318,4
2016,2016-02-17,730,2,4,7,3,N,B,Y,A,H,A,A,01,W,03,C,,,,,C,N,N,D,2,0,0,0,22350.0,2,,,4
2016,2016-02-03,1800,2,4,18,3,Y,B,N,B,H,D,A,01,,09,D,,,,,C,N,N,A,1,0,0,0,21802.0,2,39.11311,-121.56285,4
2016,2016-02-24,1441,2,4,14,3,N,A,N,A,H,A,A,01,S,03,C,,,,,C,Y,N,D,2,0,0,0,22350.0,2,39.09971645,-121.5514633,4
2016,2016-02-12,2200,2,4,22,5,Y,A,N,A,H,D,A,01,,09,B,,,,,C,N,N,A,1,0,0,0,21801.0,2,39.26460775,-121.59729461,4
2016,2016-02-24,753,2,4,7,3,N,A,Y,A,H,A,A,07,N,03,C,,,,,C,Y,N,D,2,0,0,0,22350.0,2,39.12676,-121.57913,4
2016,2016-02-27,1750,2,4,17,6,N,A,N,A,H,D,A,01,S,01,E,,,,,I,Y,M,D,1,0,0,0,23152.0,1,39.31294707,-121.36904465,4
2016,2016-02-17,725,2,4,7,3,Y,A,N,A,H,A,-,- ,,00,A,,,,,C,Y,N,A,1,0,0,0,,2,39.1344099,-121.55197994,4
2016,2016-02-28,240,2,4,2,7,N,A,Y,A,H,D,A,01,S,08,F,,,,,I,Y,N,D,1,0,0,0,22107.0,1,39.19376051,-121.59486676,3
2016,2016-02-17,1521,2,4,15,3,N,B,Y,A,H,A,D,22,N,21,C,,,,,C,N,N,A,1,0,0,0,22106.0,2,39.07752492,-121.53056,4
2016,2016-02-29,1650,2,4,16,1,N,A,N,A,H,A,N,60,N,11,G,Y,,,,B,N,N,D,1,1,0,0,21950.0,2,39.12031512,-121.58114354,4
2016,2016-02-23,1518,2,4,15,2,N,A,N,A,H,A,A,01,S,03,C,,,,,C,N,N,D,1,0,0,0,22350.0,2,39.0787348,-121.53733145,4
2016,2016-03-01,1855,3,1,18,2,Y,A,N,A,H,C,A,07,,10,G,Y,,,,B,N,N,A,1,1,0,0,21950.0,2,39.10131993,-121.55112996,2
2016,2016-02-19,2105,2,4,21,5,Y,B,N,B,H,C,D,22,,10,G,Y,,,,B,N,N,A,2,2,0,0,21950.0,3,39.12456993,-121.57099991,3
2016,2016-03-07,1720,3,1,17,1,Y,A,N,A,H,B,A,01,,08,A,,,,,C,Y,N,D,1,0,0,0,22107.0,2,39.05752999,-121.56801992,4
2016,2016-03-07,1200,3,1,12,1,N,B,N,B,H,A,A,07,S,08,E,,,,,I,Y,N,D,1,0,0,0,22107.0,1,39.39460416,-121.31369772,2
2016,2016-03-04,1320,3,1,13,5,N,B,Y,B,H,A,A,07,S,08,D,,,,,C,Y,N,D,1,0,0,0,22107.0,2,,,4
2016,2016-03-07,30,3,1,0,1,N,D,N,C,H,D,A,01,W,03,E,,,,,J,Y,N,D,1,0,0,0,22350.0,1,39.48179722,-121.24764507,3
2016,2016-03-16,2033,3,1,20,3,N,A,N,A,H,C,A,01,E,04,C,,,,,C,Y,N,A,2,0,0,0,21703.0,3,39.12750613,-121.5608857,4
2016,2016-03-05,1852,3,1,18,6,N,C,Y,B,G,C,A,01,S,03,C,,,,,C,Y,N,D,5,0,0,0,22350.0,3,39.06973871,-121.52038304,4
2016,2016-03-10,1925,3,1,19,4,N,B,N,B,H,D,J,43,,08,F,,,,,I,Y,N,D,1,0,0,0,22107.0,1,39.28049989,-121.39266997,4
2016,2016-03-16,1500,3,1,15,3,Y,A,N,A,H,A,L,04,,05,D,,Y,,,G,N,N,A,1,0,1,0,21202.0,2,39.11768988,-121.54709992,4
2016,2016-03-17,1240,3,1,12,4,Y,A,N,A,H,A,D,22,,03,C,,,,,C,N,N,D,1,0,0,0,22350.0,3,39.12749995,-121.56114994,4
2016,2016-03-19,1724,3,1,17,6,N,A,N,A,H,A,N,60,W,11,G,Y,,,,B,N,N,D,1,1,0,0,21956.0,2,39.12566242,-121.56879329,3
2016,2016-03-22,1725,3,1,17,2,N,A,Y,A,H,A,A,07,S,03,C,,,,,C,N,N,D,2,0,0,0,22350.0,2,39.12893967,-121.58462154,4
2016,2016-03-21,705,3,1,7,1,N,B,Y,A,H,A,A,01,S,08,E,,,,,I,Y,N,A,1,0,0,0,22107.0,1,39.05816035,-121.54421351,4
2016,2016-03-23,1322,3,1,13,3,N,A,Y,A,H,A,A,01,N,03,C,,,,,C,Y,N,D,4,0,0,0,22350.0,3,,,4
2016,2016-03-19,1752,3,1,17,6,N,A,Y,A,H,A,C,02,W,03,C,,,Y,,C,Y,N,D,2,0,0,2,22350.0,2,39.20955159,-121.30719802,3
2016,2016-03-26,1148,3,1,11,6,N,A,N,A,H,A,A,07,N,03,F,,,,,A,Y,N,D,1,0,0,0,22350.0,1,39.26567622,-121.52957212,3
2016,2016-03-13,1546,3,1,15,7,N,B,N,B,H,A,A,01,S,09,A,,,,,C,Y,N,D,2,0,0,0,21801.0,2,39.10979483,-121.5549513,4
2016,2016-03-19,1315,3,1,13,6,N,A,Y,A,H,A,C,02,S,03,E,,,Y,,I,Y,N,D,1,0,0,1,22350.0,1,39.43066113,-121.07597018,2
2016,2016-03-22,802,3,1,8,2,N,A,N,A,H,A,A,01,W,03,G,Y,,,,B,N,N,A,1,1,0,0,22350.0,2,39.07714833,-121.55062193,4
2016,2016-03-25,1725,3,1,17,5,Y,A,Y,A,H,A,A,01,,09,D,,,,,C,Y,N,A,1,0,0,0,21802.0,2,39.07731997,-121.54125992,4
2016,2016-03-28,1530,3,1,15,1,N,B,N,A,H,A,A,01,N,08,E,,,,,I,Y,N,D,1,0,0,0,22107.0,1,39.25504022,-121.39797138,3
2016,2016-03-28,1655,3,1,16,1,N,A,Y,A,H,A,C,02,N,03,C,,,Y,,C,Y,N,A,1,0,0,1,22350.0,2,39.10250737,-121.5506373,4
2016,2016-03-05,1915,3,1,19,6,N,C,Y,B,F,D,A,01,S,01,E,,,,,J,Y,N,A,1,0,0,0,23152.0,1,39.09096151,-121.54036761,1
2016,2016-03-14,350,3,1,3,1,N,B,Y,B,H,D,N,60,S,11,G,Y,,,,B,N,N,D,0,0,0,0,21954.0,3,,,1
2016,2016-03-30,1705,3,1,17,3,N,A,N,A,H,A,A,07,E,07,B,,,,,C,N,N,D,1,0,0,0,21658.0,2,39.12758024,-121.55782005,4
2016,2016-04-01,630,4,1,6,5,Y,A,N,A,H,B,A,01,,05,B,,,,,C,Y,N,A,2,0,0,0,21460.0,2,39.10365,-121.54996985,3
2016,2016-04-18,920,4,1,9,1,N,A,N,A,H,A,F,27,N,08,F,,,,Y,A,Y,N,D,1,0,0,0,22107.0,1,39.40233629,-121.31053114,2
2016,2016-04-20,1155,4,1,11,3,N,A,N,A,H,A,A,01,W,08,E,,,,,I,Y,N,D,1,0,0,0,22107.0,1,39.16765616,-121.44435426,3
2016,2016-04-15,1315,4,1,13,5,N,A,Y,A,H,A,-,- ,E,18,F,,,Y,,I,Y,N,D,1,0,0,1,,1,39.18216286,-121.54403397,4
2016,2016-04-20,1610,4,1,16,3,N,A,Y,A,H,A,D,22,W,03,C,,,,,C,Y,N,D,1,0,0,0,22350.0,2,39.21906331,-121.47212039,4
2016,2016-04-21,928,4,1,9,4,N,A,N,A,H,A,A,01,S,03,C,,,,,C,Y,N,D,3,0,0,0,22350.0,2,39.09621943,-121.56075347,4
2016,2016-04-22,822,4,1,8,5,N,C,Y,B,H,A,A,01,S,08,C,Y,,,,E,N,N,D,1,1,0,0,22107.0,3,39.12269929,-121.57442395,3
2016,2016-04-03,2055,4,1,20,7,N,A,N,A,H,C,A,01,S,08,A,,,,,C,Y,F,D,3,0,0,0,22107.0,2,39.1188514,-121.57275281,3
2016,2016-03-13,1400,3,1,14,7,N,B,Y,B,H,A,A,01,N,04,C,,,,,C,Y,N,D,1,0,0,0,21703.0,2,,,4
2016,2016-04-15,2045,4,1,20,5,N,A,Y,A,H,D,A,01,,08,D,,,,,C,Y,N,D,1,0,0,0,22107.0,2,39.30302845,-121.5952424,2
2016,2016-04-28,1529,4,1,15,4,N,A,Y,A,H,A,A,01,E,08,F,,,,,A,Y,N,D,1,0,0,0,22107.0,1,39.18550015,-121.54083782,4
2016,2016-04-26,1514,4,1,15,2,N,A,Y,A,H,A,A,07,W,03,B,,,,,C,Y,N,D,2,0,0,0,22350.0,3,39.16879852,-121.5565829,4
2016,2016-05-04,115,5,1,1,3,N,A,N,A,H,C,C,02,W,08,F,,,Y,,A,Y,N,D,1,0,0,1,22107.0,1,39.13751942,-121.55518007,2
2016,2016-05-05,1610,5,1,16,4,N,B,N,B,H,A,D,22,W,03,C,,,,,C,Y,N,D,1,0,0,0,22350.0,2,39.14029072,-121.56843678,4
2016,2016-04-23,2058,4,1,20,6,N,A,N,A,H,C,-,- ,E,18,E,,,Y,,H,N,N,A,1,0,0,1,,1,39.12799448,-121.54157091,3
2016,2016-04-18,15,4,1,0,1,N,A,Y,A,H,D,A,01,E,01,E,,,,,I,Y,N,D,1,0,0,0,23152.0,1,39.21059185,-121.31563705,3
2016,2016-04-09,1525,4,1,15,6,N,B,N,A,H,A,A,01,S,07,B,,,,,C,Y,N,D,2,0,0,0,21658.0,2,39.07369035,-121.56140192,4
2016,2016-05-06,1635,5,1,16,5,N,A,N,A,H,A,A,01,N,01,F,,,,,I,Y,N,D,1,0,0,0,23152.0,1,39.35658883,-121.32634107,3
2016,2016-04-24,1257,4,1,12,7,N,A,Y,A,H,A,A,01,S,01,D,,,,,C,Y,N,D,2,0,0,0,23153.0,2,39.23574562,-121.60029965,1
2016,2016-05-04,1535,5,1,15,3,Y,A,N,A,H,A,A,01,,09,F,,,,,C,Y,N,D,2,0,0,0,21801.0,2,39.06933998,-121.57892986,3
2016,2016-04-28,1535,4,1,15,4,Y,A,N,A,H,A,C,02,,12,D,,,Y,,D,N,N,D,1,0,0,0,22450.0,2,39.12295991,-121.57877991,4
2016,2016-02-13,1855,2,4,18,6,N,A,Y,A,H,D,D,23,N,01,E,,,,,I,Y,N,D,2,0,0,0,23152.0,1,39.40081546,-121.07896896,1
2016,2016-05-03,1420,5,1,14,2,N,A,Y,A,H,A,A,07,W,08,D,,,,,C,Y,N,D,1,0,0,0,22107.0,2,39.16889524,-121.55646898,3
2016,2016-04-26,1020,4,1,10,2,N,A,N,A,H,A,L,04,S,08,C,,Y,,,G,N,N,D,1,0,1,0,22107.0,2,39.07728,-121.54281,3
2016,2016-05-06,1410,5,1,14,5,N,B,Y,A,H,A,D,22,S,08,F,,,,,J,Y,N,D,2,0,0,0,22107.0,1,39.23282401,-121.60052909,2
2016,2016-04-22,735,4,1,7,5,N,B,N,B,H,A,H,13,E,10,G,Y,,,,B,N,N,A,1,1,0,0,21950.0,2,39.15535326,-121.57135434,3
2016,2016-05-21,1635,5,1,16,6,N,A,Y,A,H,A,A,01,S,03,C,,,,,C,N,N,D,1,0,0,0,22350.0,2,39.01638747,-121.43459418,4
2016,2016-05-21,1655,5,1,16,6,N,C,N,B,H,A,A,01,N,01,D,,,,,C,Y,N,D,3,0,0,0,23152.0,2,39.48401091,-121.24491848,3
2016,2016-05-23,2145,5,1,21,1,N,A,N,A,H,D,D,22,N,01,E,,,,,I,Y,N,D,2,0,0,0,23152.0,1,39.31872717,-121.4013633,3
2016,2016-05-19,720,5,1,7,4,Y,A,N,A,H,A,D,22,,09,D,,,,,C,Y,N,D,1,0,0,0,21801.0,3,39.12773998,-121.55103997,4
2016,2016-05-26,1816,5,1,18,4,N,A,Y,A,H,A,A,07,N,06,E,,,,,I,Y,N,D,2,0,0,0,21750.0,1,39.29259864,-121.59494884,3
2016,2016-05-28,230,5,1,2,6,N,A,N,A,H,D,A,07,S,08,E,,,,,I,Y,N,D,1,0,0,0,22107.0,1,39.19861,-121.31626,3
2016,2016-05-25,1358,5,1,13,3,Y,A,N,A,H,A,A,01,,12,A,,,,,C,Y,N,A,4,0,0,0,22450.0,2,39.10676999,-121.57981992,2
2016,2016-05-25,1628,5,1,16,3,N,A,Y,A,H,A,A,01,W,03,C,,,,,C,Y,N,D,2,0,0,0,22350.0,2,39.23013555,-121.4071597,4
2016,2016-05-26,1830,5,1,18,4,N,A,N,A,H,A,D,22,E,01,E,,,,,I,Y,N,D,1,0,0,0,23152.0,1,39.48345978,-121.216644,3
2016,2016-05-26,1650,5,1,16,4,N,A,N,A,H,A,A,01,E,03,C,,,,,C,Y,N,A,1,0,0,0,22350.0,2,39.07169463,-121.43573666,4
2016,2016-05-30,1232,5,1,12,1,N,A,Y,A,H,A,A,01,W,08,D,,,,,C,Y,N,D,2,0,0,0,22107.0,2,39.2260228,-121.42641078,4
2016,2016-05-31,2100,5,1,21,2,N,A,N,A,H,C,A,07,E,01,E,,,,,I,Y,N,D,1,0,0,0,23152.0,1,39.13218337,-121.55097105,2
2016,2016-05-26,1502,5,1,15,4,Y,A,N,A,H,A,A,01,,09,D,,,,,C,Y,N,A,2,0,0,0,21802.0,2,39.12822993,-121.52361,2
2016,2016-05-31,635,5,1,6,2,N,A,Y,A,H,A,A,07,N,03,C,,,,,C,Y,N,D,1,0,0,0,22350.0,3,39.11790475,-121.56650849,4
2016,2016-06-02,1241,6,2,12,4,N,A,N,A,H,A,A,01,N,01,E,,,,,I,Y,N,A,1,0,0,0,23152.0,1,39.0476,-121.56486,3
2016,2016-06-05,715,6,2,7,7,Y,A,N,A,H,A,A,01,,09,F,,,Y,,A,Y,N,D,1,0,0,1,21801.0,2,39.11805994,-121.57388988,4
2016,2016-06-05,1030,6,2,10,7,Y,A,N,A,H,A,C,02,,21,F,,,Y,,A,Y,N,A,1,0,0,1,22106.0,1,39.33285991,-121.3655299,4
2016,2016-05-28,2020,5,1,20,6,N,A,N,A,H,B,A,01,W,08,F,,,,,A,Y,N,D,1,0,0,0,22107.0,1,39.26504122,-121.56662554,2
2016,2016-06-07,215,6,2,2,2,N,A,Y,A,H,D,D,22,E,01,E,,,,,I,Y,N,D,1,0,0,0,23152.0,1,39.19448549,-121.52910714,4
2016,2016-06-02,1900,6,2,19,4,N,A,N,A,H,A,L,04,S,08,D,,Y,,,G,N,N,D,1,0,1,0,22107.0,2,39.11606526,-121.56865314,3
2016,2016-06-03,1615,6,2,16,5,N,A,N,A,H,A,A,01,N,03,C,,,,,C,N,N,D,1,0,0,0,22350.0,2,39.10326278,-121.58011283,4
2016,2016-06-06,1605,6,2,16,1,Y,A,N,A,H,A,A,01,,12,D,,,,,C,Y,N,D,3,0,0,0,22450.0,2,39.04756998,-121.5788999,2
2016,2016-05-30,2102,5,1,21,1,N,A,N,A,H,C,N,60,S,11,G,Y,,,,B,N,N,D,1,1,0,0,21954.0,2,39.13031455,-121.55352909,3
2016,2016-05-13,1928,5,1,19,5,N,A,N,A,H,A,C,02,W,05,A,,,Y,,C,Y,N,D,0,0,0,0,21460.0,2,39.54600102,-121.14500999,1
2016,2016-06-09,1305,6,2,13,4,N,A,N,A,H,A,A,01,S,08,F,,,,,A,Y,N,D,1,0,0,0,22107.0,1,39.09172569,-121.56090373,3
2016,2016-06-12,2035,6,2,20,7,N,A,N,A,H,B,A,01,S,01,E,,,,,I,Y,N,D,1,0,0,0,23152.0,1,39.2992658,-121.41506266,3
2016,2016-06-11,1705,6,2,17,6,Y,A,Y,A,H,A,A,01,,01,D,,,,,C,Y,N,D,2,0,0,0,23152.0,3,39.22786995,-121.4139899,3
2016,2016-06-12,1638,6,2,16,7,Y,A,N,A,H,A,A,07,,03,C,,,,,C,Y,N,D,3,0,0,0,22350.0,2,39.22786995,-121.4139899,4
2016,2016-05-30,1420,5,1,14,1,N,A,N,A,H,A,C,02,N,03,F,,,Y,,A,N,N,D,1,0,0,1,22350.0,1,39.42879249,-121.10797939,2
2016,2016-06-03,1950,6,2,19,5,N,A,Y,A,H,B,D,22,S,01,F,,,,,A,Y,N,D,2,0,0,0,23152.0,1,39.40480636,-121.075866,3
2016,2016-06-09,1205,6,2,12,4,N,A,N,A,H,A,A,01,N,10,G,Y,,,,B,N,N,A,1,1,0,0,21950.0,2,39.12762523,-121.55682806,4
2016,2016-06-08,1455,6,2,14,3,N,A,N,A,H,A,D,22,E,07,B,,,Y,,C,Y,N,D,1,0,0,1,21658.0,2,39.12349248,-121.57819617,2
2016,2016-05-19,1424,5,1,14,4,Y,A,N,A,H,A,H,13,,08,E,,,,,I,N,F,A,1,0,0,0,22107.0,1,39.14328,-121.59401989,3
2016,2016-06-10,1215,6,2,12,5,N,A,N,A,H,A,A,01,E,21,C,,,,,C,N,N,D,1,0,0,0,22106.0,2,39.09526899,-121.55107159,4
2016,2016-06-15,2202,6,2,22,3,N,A,Y,A,D,D,A,01,S,03,C,,,,,C,Y,N,D,3,0,0,0,22350.0,2,39.0304278,-121.45684018,4
2016,2016-06-03,2045,6,2,20,5,N,A,N,A,H,B,D,22,E,09,D,,Y,,,G,Y,F,D,1,0,1,0,21801.0,2,39.07723615,-121.54528284,2
2016,2016-05-26,130,5,1,1,4,N,A,N,A,H,D,D,22,E,01,F,,,,,A,Y,N,D,1,0,0,0,23152.0,1,39.26520221,-121.53330486,2
2016,2016-06-08,2315,6,2,23,3,N,A,Y,A,H,D,-,- ,S,18,E,,,,,I,Y,N,D,1,0,0,0,,1,39.20943803,-121.30696524,4
2016,2016-06-11,527,6,2,5,6,N,A,Y,A,H,B,D,22,S,01,E,,,,,I,Y,M,D,1,0,0,0,23152.0,1,39.29136893,-121.59492677,3
2016,2016-06-15,1117,6,2,11,3,N,B,N,A,H,A,A,01,N,08,E,,,,,I,Y,N,D,1,0,0,0,22107.0,1,39.10168809,-121.57948124,4
2016,2016-06-15,1645,6,2,16,3,N,A,N,A,H,A,A,01,E,03,E,,,,,I,Y,N,D,1,0,0,0,22350.0,1,39.19739676,-121.328381,3
2016,2016-06-16,105,6,2,1,4,N,A,N,A,H,D,D,22,E,01,E,,,,,I,Y,N,A,1,0,0,0,23152.0,1,,,2
2016,2016-06-16,1842,6,2,18,4,N,A,Y,A,H,A,A,01,S,08,E,,,,,I,Y,N,D,1,0,0,0,22107.0,1,39.12369333,-121.57610974,4
2019,2019-12-08,1014,12,4,10,7,Y,C,Y,B,H,A,A,01,,03,C,,,,,C,Y,N,A,3,0,0,0,22350.0,2,39.09090805053711,-121.54037475585938,3
2016,2016-06-07,1100,6,2,11,2,N,A,N,A,H,A,D,22,S,21,C,,,,,C,N,N,A,1,0,0,0,22106.0,2,39.12765,-121.55565,4
2016,2016-06-16,1210,6,2,12,4,Y,B,N,A,H,A,F,26,,12,D,,,,Y,C,N,N,A,1,0,0,0,21453.0,2,39.12521,-121.57315,4
2016,2016-06-21,1905,6,2,19,2,N,A,N,A,H,A,A,08,S,09,D,,,,,C,Y,N,D,1,0,0,0,21801.0,2,39.19522923,-121.30144448,4
2016,2016-06-22,2341,6,2,23,3,N,A,N,A,E,D,-,- ,N,18,E,,,,,J,Y,N,D,1,0,0,0,,1,39.25686448,-121.36156336,3
2016,2016-06-18,2243,6,2,22,6,N,A,N,A,H,D,A,07,N,05,D,,,,,C,Y,N,D,3,0,0,0,21460.0,4,39.14181266,-121.5756824,3
2016,2016-06-27,800,6,2,8,1,Y,A,Y,A,H,A,A,07,,09,D,,,,,C,N,N,A,1,0,0,0,21801.0,2,39.22786995,-121.4139899,4
2016,2016-06-03,110,6,2,1,5,N,A,Y,A,D,D,B,08,N,00,C,,,,,C,Y,F,A,2,0,0,0,23153.0,5,39.02055245,-121.44176172,3
2016,2016-06-27,1330,6,2,13,1,N,A,N,A,H,A,A,01,E,08,F,,,,,A,Y,N,D,1,0,0,0,22107.0,1,39.1280608,-121.53813892,4
2016,2016-07-01,240,7,2,2,5,N,A,N,A,H,D,D,22,S,01,F,,,,,A,Y,N,D,1,0,0,0,23152.0,1,39.27986313,-121.47754278,2
2016,2016-07-03,2240,7,2,22,7,N,A,N,A,H,D,D,22,N,03,E,,,,,I,Y,N,D,1,0,0,0,22350.0,1,39.23722261,-121.37066782,4
2016,2016-06-24,2220,6,2,22,5,N,A,N,A,H,D,A,01,S,01,E,,,,,I,Y,N,D,1,0,0,0,23152.0,1,39.17836672,-121.57165736,3
2016,2016-06-18,1210,6,2,12,6,N,A,Y,A,H,A,D,22,N,01,E,,,,,I,Y,N,D,1,0,0,0,23152.0,1,39.10311834,-121.55114212,2
2016,2016-06-23,1245,6,2,12,4,N,A,Y,A,H,A,A,07,N,03,C,,,,,C,Y,N,D,4,0,0,0,22350.0,3,39.12902205,-121.58474934,4
2016,2016-06-27,2345,6,2,23,1,N,A,N,A,H,C,A,01,N,05,E,,,,,J,Y,N,D,1,0,0,0,21650.0,1,39.05804671,-121.56119419,3
2016,2016-07-01,1748,7,2,17,5,N,A,Y,A,H,A,D,22,E,01,E,,,,,I,Y,N,D,1,0,0,0,23152.0,1,39.2054758,-121.27755654,2
2016,2016-07-03,1208,7,2,12,7,Y,A,Y,A,H,A,A,01,,09,D,,,,,C,Y,N,A,2,0,0,0,21802.0,2,39.21407221,-121.51076213,3
2016,2016-07-09,2355,7,2,23,6,N,A,N,A,H,D,A,01,S,08,C,,,,,C,Y,N,D,1,0,0,0,22107.0,2,39.0431395,-121.51507137,4
2016,2016-07-03,1140,7,2,11,7,N,A,N,A,H,A,A,08,E,03,F,,,,,A,Y,N,D,2,0,0,0,22350.0,1,39.19323005,-121.35497707,4
2016,2016-07-07,1638,7,2,16,4,N,A,Y,A,H,A,C,02,N,04,F,,,Y,,A,Y,N,D,1,0,0,1,21703.0,1,39.22583428,-121.60102138,3
2016,2016-07-08,1134,7,2,11,5,N,A,N,A,H,A,C,02,N,03,B,,,Y,Y,C,N,N,D,1,0,0,1,22350.0,2,39.48362,-121.24466,3
2016,2016-07-12,2500,7,2,25,2,N,A,Y,A,H,D,D,22,N,08,E,,,,,I,Y,N,D,1,0,0,0,22107.0,1,39.39573825,-121.08424132,4
2016,2016-07-15,2140,7,2,21,5,Y,A,N,A,H,C,C,02,,03,A,,,Y,,C,Y,N,A,1,0,0,1,22350.0,2,39.05527999,-121.56007988,3
2016,2016-07-11,1325,7,2,13,1,N,A,Y,A,H,A,L,04,N,07,C,,Y,,Y,C,N,M,A,1,0,0,0,21658.0,3,39.12770274,-121.5827439,4
2016,2016-07-14,830,7,2,8,4,N,A,N,A,H,A,A,07,E,07,C,,,,Y,C,Y,F,D,1,0,0,0,21658.0,2,39.37900394,-121.21313021,4
2016,2016-07-16,1450,7,2,14,6,N,A,N,A,H,A,A,08,N,21,C,,,,,C,N,N,D,1,0,0,0,22106.0,2,39.12468961,-121.57127766,4
2016,2016-07-23,1100,7,2,11,6,N,A,Y,A,H,A,C,02,N,08,F,,,Y,,A,Y,N,D,1,0,0,1,22107.0,1,39.40437769,-121.07735884,3
2016,2016-07-24,930,7,2,9,7,N,A,Y,A,H,A,A,07,S,08,F,,,,,A,Y,N,D,1,0,0,0,22107.0,1,39.19352893,-121.59489068,4
2016,2016-07-21,1717,7,2,17,4,N,A,N,A,H,A,C,02,S,03,C,,,Y,,C,N,N,D,1,0,0,1,22350.0,2,39.36364997,-121.32362918,4
2016,2016-07-22,1537,7,2,15,5,N,A,Y,A,H,A,A,01,S,08,E,,,,,I,Y,N,D,2,0,0,0,22107.0,1,39.23084856,-121.60063841,4
2016,2016-07-22,1558,7,2,15,5,N,A,Y,A,H,A,A,01,S,03,C,,,,,C,Y,N,D,4,0,0,0,22350.0,2,39.23300303,-121.60051584,4
2016,2016-07-24,1605,7,2,16,7,Y,A,N,A,H,A,A,08,,03,C,,,,,C,N,N,A,1,0,0,0,22350.0,2,39.11334989,-121.55434,4
2016,2016-07-25,1244,7,2,12,1,N,A,N,A,H,A,A,07,W,03,C,,,,,C,Y,N,D,1,0,0,0,22350.0,2,39.13541955,-121.53741052,4
2016,2016-07-28,2200,7,2,22,4,Y,A,Y,A,H,C,A,01,,09,D,,,,,C,Y,N,D,1,0,0,0,21800.0,2,39.12881778,-121.58412784,4
2016,2016-07-29,1500,7,2,15,5,N,A,N,A,H,A,A,01,N,21,B,,,,,C,N,N,A,1,0,0,0,22106.0,2,39.09581112,-121.55622778,4
2016,2016-07-29,1138,7,2,11,5,N,A,N,A,H,A,A,01,N,08,E,,,,,I,Y,N,D,1,0,0,0,22107.0,1,39.38028921,-121.32031109,3
2016,2016-07-31,1955,7,2,19,7,N,A,Y,A,H,A,A,08,S,03,C,,,,,C,N,N,D,2,0,0,0,22350.0,2,39.00047703,-121.40752649,4
2016,2016-07-31,1100,7,2,11,7,N,A,N,A,H,A,A,01,W,03,F,,,,,A,Y,N,D,1,0,0,0,22350.0,1,,,2
2016,2016-08-03,855,8,2,8,3,N,A,N,A,H,A,A,01,W,08,E,,,,,I,Y,N,D,1,0,0,0,22107.0,1,39.19785492,-121.31977652,4