ACCIDENT_YEAR,COLLISION_DATE,COLLISION_TIME,MONTH,SEASON,24HOURS,DAY_OF_WEEK,INTERSECTION,WEATHER_1,STATE_HWY_IND,ROAD_SURFACE,ROAD_COND_1,LIGHTING,STWD_VEHTYPE_AT_FAULT,CHP_VEHTYPE_AT_FAULT,DIRECTION,PCF_VIOL_CATEGORY,TYPE_OF_COLLISION,PEDESTRIAN_ACCIDENT,BICYCLE_ACCIDENT,MOTORCYCLE_ACCIDENT,TRUCK_ACCIDENT,MVIW,TOW_AWAY,HIT_AND_RUN,CONTROL_DEVICE,NUMBER_INJURED,COUNT_PED_INJURED,COUNT_BICYCLIST_INJURED,COUNT_MC_INJURED,PCF_VIOLATION,PARTY_COUNT,POINT_Y,POINT_X,COLLISION_SEVERITY
2018,2018-01-05,1218,1,4,12,5,Y,A,N,B,H,A,A,01,,12,D,,,,,C,N,N,A,1,0,0,0,22450.0,2,39.11991882324219,-121.58139038085938,4
2017,2017-12-28,1152,12,4,11,4,Y,A,N,A,H,A,A,07,,09,D,,,,,C,N,N,A,1,0,0,0,21802.0,2,39.09537995,-121.55622988,3
2017,2017-12-31,1048,12,4,10,7,N,B,N,A,H,A,A,07,W,21,D,,,,,C,Y,N,A,1,0,0,0,22106.0,2,39.13823227,-121.55857438,4
2017,2017-12-27,1109,12,4,11,3,N,A,N,A,H,A,A,07,N,01,A,,,,,C,Y,N,D,3,0,0,0,23152.0,2,39.12793766,-121.55540956,3
2018,2018-01-04,1600,1,4,16,4,N,A,N,A,H,A,A,01,W,03,C,,,,,C,N,N,D,1,0,0,0,22350.0,2,39.07746887207031,-121.53057098388672,4
2017,2017-12-24,1645,12,4,16,7,Y,A,N,A,H,C,-,- ,,18,D,,,,,C,N,N,A,1,0,0,0,,2,39.07727993,-121.54280987,4
2018,2018-01-09,910,1,4,9,2,N,B,Y,B,H,A,A,01,S,08,D,,,,,C,Y,N,A,2,0,0,0,22107.0,2,39.128204345703125,-121.52361297607422,4
2017,2017-12-13,1715,12,4,17,3,N,A,N,A,H,D,D,22,N,01,E,,,,,I,Y,N,D,1,0,0,0,23152.0,1,39.48582463,-121.22419997,2
2018,2018-01-07,635,1,4,6,7,N,B,Y,B,H,D,A,01,N,03,C,,,,,C,Y,N,D,2,0,0,0,22350.0,2,39.18271255493164,-121.59276580810548,4
2018,2018-01-05,520,1,4,5,5,N,B,N,B,H,D,A,07,S,08,E,,,,,I,Y,N,D,1,0,0,0,22107.0,1,39.462528228759766,-121.28366088867188,4
2018,2018-01-09,1355,1,4,13,2,N,A,N,A,H,A,D,22,S,08,D,,,,,C,N,N,D,1,0,0,0,22107.0,2,39.094402313232415,-121.5516357421875,4
2018,2018-01-12,1645,1,4,16,5,N,A,N,A,H,A,A,01,S,08,E,,,,,I,Y,N,D,1,0,0,0,22107.0,1,39.01658630371094,-121.54997253417967,3
2018,2018-01-14,1048,1,4,10,7,N,B,Y,A,H,A,A,01,S,03,C,,,,,C,Y,N,D,1,0,0,0,22350.0,2,39.11220550537109,-121.55819702148438,4
2018,2018-01-17,940,1,4,9,3,Y,E,Y,A,H,A,A,01,,09,D,,,,Y,C,Y,N,A,2,0,0,0,21802.0,2,39.135379791259766,-121.5444564819336,4
2018,2018-01-16,1950,1,4,19,2,N,A,N,A,H,C,A,01,S,03,G,Y,,,,B,N,N,D,1,1,0,0,22350.0,2,39.126712799072266,-121.58431243896484,3
2018,2018-01-22,1415,1,4,14,1,Y,B,Y,B,H,A,A,01,,09,D,,,,,C,Y,N,A,2,0,0,0,21802.0,2,39.04073715209961,-121.47161102294922,3
2018,2018-01-23,815,1,4,8,2,N,B,Y,A,H,A,A,01,S,09,D,,,,,C,Y,N,D,2,0,0,0,21801.0,2,39.12125396728516,-121.57627868652344,4
2018,2018-01-08,1445,1,4,14,1,N,C,N,B,H,A,A,01,W,03,C,,,,,C,N,N,D,1,0,0,0,22350.0,2,39.09528350830078,-121.55177307128906,4
2018,2018-01-27,1955,1,4,19,6,Y,A,N,A,H,D,A,01,,09,D,,,,,C,Y,N,A,1,0,0,0,21802.0,2,39.101318359375,-121.55113220214844,4
2018,2018-01-23,848,1,4,8,2,N,A,N,A,H,A,A,01,S,08,E,,,,,I,Y,N,D,1,0,0,0,22107.0,1,39.1986083984375,-121.31626129150392,4
2018,2018-01-23,705,1,4,7,2,Y,B,N,A,H,E,D,22,,09,D,,,,,C,Y,N,A,4,0,0,0,21802.0,2,39.11738967895508,-121.53404235839844,3
2018,2018-01-20,815,1,4,8,6,N,A,N,A,H,A,A,01,E,08,E,,,,,I,Y,N,D,1,0,0,0,22107.0,1,39.13491821289063,-121.5498504638672,4
2018,2018-01-24,1745,1,4,17,3,Y,C,N,B,H,C,A,01,,12,D,,,,,C,Y,N,A,1,0,0,0,21453.0,2,39.12799072265625,-121.54180145263672,3
2018,2018-01-26,1645,1,4,16,5,N,A,Y,A,H,A,A,01,S,03,C,,,,,C,Y,N,D,1,0,0,0,22350.0,3,39.1245231628418,-121.57695770263672,3
2018,2018-01-28,1530,1,4,15,7,N,A,Y,A,H,A,D,22,E,03,C,,,,,C,Y,N,D,2,0,0,0,22350.0,3,39.181884765625,-121.54422760009766,2
2018,2018-01-25,2240,1,4,22,4,N,B,N,B,B,D,A,01,S,08,E,,,,,I,Y,N,D,1,0,0,0,22107.0,1,39.00860977172852,-121.49884796142578,4
2018,2018-01-25,1800,1,4,18,4,N,C,Y,B,H,D,A,01,S,03,D,,,,Y,C,Y,N,D,2,0,0,0,22350.0,2,39.102333068847656,-121.55015563964844,3
2018,2018-02-03,1515,2,4,15,6,Y,A,N,A,H,A,A,07,,09,D,,,,,C,Y,N,A,1,0,0,0,21804.0,2,39.10725021362305,-121.56111907958984,4
2018,2018-01-30,645,1,4,6,2,N,E,N,B,H,B,A,01,S,09,D,,,,,C,Y,N,D,2,0,0,0,21801.0,2,39.08055877685546,-121.57888793945312,3
2018,2018-02-03,2050,2,4,20,6,N,A,N,A,H,D,A,01,W,03,E,,,,,I,N,N,D,1,0,0,0,22350.0,1,39.33294677734375,-121.3664779663086,3
2018,2018-01-27,2232,1,4,22,6,Y,A,N,A,H,C,A,01,,01,A,,,,,C,Y,N,A,4,0,0,0,23152.0,2,39.12569046020508,-121.57575988769533,4
2018,2018-02-06,2025,2,4,20,2,N,A,N,A,H,C,L,04,W,08,D,,Y,,,G,N,N,D,1,0,1,0,22107.0,2,39.1270866394043,-121.57994842529295,3
2018,2018-02-07,1750,2,4,17,3,N,A,Y,A,H,B,A,01,N,04,C,,,,,C,Y,N,D,1,0,0,0,21703.0,4,39.019020080566406,-121.43911743164062,3
2018,2018-01-25,1205,1,4,12,4,N,B,Y,B,H,A,A,07,E,01,E,,,,,J,Y,N,D,2,0,0,0,23152.0,1,39.18735504150391,-121.53907012939452,3
2018,2018-02-05,1530,2,4,15,1,N,A,Y,A,H,A,D,22,S,09,D,,,,,C,Y,N,A,1,0,0,0,21802.0,2,39.11164474487305,-121.55663299560548,3
2018,2018-02-14,1415,2,4,14,3,N,A,Y,A,H,A,C,02,N,08,E,,,Y,,I,Y,N,D,1,0,0,1,22107.0,1,39.02241134643555,-121.55213165283205,2
2018,2018-02-15,750,2,4,7,4,Y,A,N,A,H,A,A,01,,09,D,,,,,C,Y,N,A,2,0,0,0,21802.0,2,39.12817,-121.52819,4
2018,2018-02-13,1645,2,4,16,2,N,A,N,A,H,A,A,07,E,01,F,,,,,A,Y,N,D,1,0,0,0,23152.0,1,39.128414154052734,-121.5829620361328,2
2018,2018-02-17,830,2,4,8,6,N,A,N,A,H,A,A,01,E,01,E,,,,,I,Y,N,D,1,0,0,0,23152.0,1,39.1544189453125,-121.47777557373048,3
2018,2018-02-13,1400,2,4,14,2,N,A,N,A,D,A,A,07,W,03,C,,,,,C,N,N,D,1,0,0,0,22350.0,2,39.127544403076165,-121.5592041015625,4
2018,2018-02-17,1508,2,4,15,6,N,A,N,A,D,A,A,01,E,08,E,,,,,I,Y,N,C,1,0,0,0,22107.0,1,39.12750244140625,-121.56110382080078,4
2018,2018-02-12,1315,2,4,13,1,N,A,Y,A,H,A,G,25,S,08,B,Y,,,Y,E,Y,N,D,1,0,0,0,22107.0,3,39.112918853759766,-121.55915069580078,1
2018,2018-02-26,548,2,4,5,1,Y,C,N,B,H,D,A,01,,05,B,,,,Y,C,N,N,D,1,0,0,0,21460.0,2,39.1653709411621,-121.45173645019533,4
2018,2018-02-10,1923,2,4,19,6,N,A,N,A,H,D,D,22,N,03,E,,,,,I,Y,M,D,1,0,0,0,22350.0,1,39.02922821044922,-121.54548645019533,4
2018,2018-03-03,1413,3,1,14,6,N,C,Y,B,H,A,A,01,S,03,E,,,,,I,Y,N,D,1,0,0,0,22350.0,1,39.235313415527344,-121.60035705566406,3
2018,2018-03-07,1325,3,1,13,3,Y,A,N,A,H,A,D,22,,09,A,,,,,C,Y,N,A,1,0,0,0,21801.0,2,39.12569046020508,-121.57575988769533,4
2018,2018-02-01,1430,2,4,14,4,Y,A,N,A,D,A,N,60,,11,G,Y,,,,B,N,N,D,1,1,0,0,21954.0,2,39.12749862670898,-121.56114959716795,2
2018,2018-02-28,1520,2,4,15,3,N,B,Y,A,H,A,A,01,W,08,E,,,,,I,N,N,D,1,0,0,0,22107.0,1,39.22649002075195,-121.4224853515625,3
2018,2018-03-03,1425,3,1,14,6,N,B,N,A,H,A,D,22,W,07,B,,,Y,,C,Y,F,A,1,0,0,1,21658.0,3,39.1275520324707,-121.558837890625,3
2018,2018-03-03,2010,3,1,20,6,N,C,Y,B,H,C,A,07,W,01,A,,,,,C,Y,N,D,2,0,0,0,23152.0,2,39.214065551757805,-121.51081848144533,3
2018,2018-03-13,1100,3,1,11,2,N,B,Y,B,H,A,D,22,N,21,C,,,,,C,N,N,A,1,0,0,0,22106.0,2,,,4
2018,2018-03-18,1440,3,1,14,7,N,A,Y,A,H,A,D,22,N,08,E,,,,,I,Y,N,D,3,0,0,0,22107.0,1,39.17411804199219,-121.59043121337892,2
2018,2018-03-03,1250,3,1,12,6,N,C,N,C,H,A,A,01,W,03,E,,,,,I,Y,N,D,2,0,0,0,22350.0,1,39.35881042480469,-121.26758575439452,4
2018,2018-03-28,1935,3,1,19,3,Y,A,Y,A,H,C,A,07,,09,D,,Y,,,G,N,N,A,1,0,1,0,21802.0,2,39.124561309814446,-121.57701110839844,4
2018,2018-03-23,350,3,1,3,5,N,A,N,A,H,D,C,02,E,03,F,,,Y,,A,N,N,D,1,0,0,1,22350.0,1,39.450439453125,-121.2801513671875,3
2018,2018-03-24,1521,3,1,15,6,Y,B,N,A,H,A,A,01,,09,D,,,,,C,Y,N,A,1,0,0,0,21802.0,2,39.32854843139648,-121.34176635742188,4
2018,2018-04-01,1406,4,1,14,7,N,A,Y,A,H,A,A,01,E,08,E,,,,,J,Y,N,D,1,0,0,0,22107.0,1,39.20895767211913,-121.30660247802734,3
2018,2018-03-26,1345,3,1,13,1,N,A,Y,A,H,A,F,26,E,08,E,,,,Y,I,N,N,D,1,0,0,0,22107.0,1,39.166370391845696,-121.55876922607422,3
2018,2018-03-28,555,3,1,5,3,N,A,N,A,H,D,C,02,E,08,F,,,Y,,A,N,N,D,1,0,0,1,22107.0,1,39.04627990722656,-121.46038055419922,4
2018,2018-03-28,1243,3,1,12,3,N,A,N,A,H,A,N,60,S,11,G,Y,,,,B,N,N,D,1,1,0,0,21954.0,2,39.07809829711913,-121.54279327392578,2
2018,2018-03-15,1635,3,1,16,4,N,D,N,C,H,A,D,22,E,08,E,,,,,I,Y,N,D,1,0,0,0,22107.0,1,39.48255920410156,-121.24082946777344,2
2018,2018-04-07,1614,4,1,16,6,N,B,Y,A,H,A,A,01,S,08,E,,,,,I,Y,N,D,1,0,0,0,22107.0,1,39.249614715576165,-121.59929656982422,4
2018,2018-03-23,715,3,1,7,5,N,A,N,A,H,A,A,01,E,08,G,Y,,,,B,N,N,D,1,1,0,0,22107.0,2,39.055213928222656,-121.56005096435548,3
2018,2018-03-23,2125,3,1,21,5,N,A,N,A,H,D,A,01,S,01,G,Y,,,,B,N,N,D,1,1,0,0,23152.0,2,39.08965301513672,-121.55178833007812,2
2018,2018-03-25,1710,3,1,17,7,N,A,N,A,H,A,C,02,W,08,B,,,Y,,C,N,N,A,2,0,0,2,22107.0,2,39.10816955566406,-121.55670166015624,4
2018,2018-03-25,2005,3,1,20,7,N,A,Y,A,H,D,A,07,N,08,E,,,,,I,N,N,D,1,0,0,0,22107.0,1,39.07106018066406,-121.52245330810548,4
2018,2018-04-08,2200,4,1,22,7,N,A,Y,A,H,D,A,01,S,01,E,,,,,I,Y,N,D,1,0,0,0,23152.0,1,39.19738006591797,-121.59494018554688,3
2018,2018-04-20,728,4,1,7,5,Y,A,Y,A,H,A,A,01,,09,D,,,,,C,Y,N,A,2,0,0,0,21802.0,2,39.03447723388672,-121.4626693725586,4
2018,2018-04-10,1108,4,1,11,2,N,B,N,A,H,A,A,08,S,09,A,,,,,C,Y,N,D,2,0,0,0,21801.0,2,39.12480926513672,-121.5814971923828,3
2018,2018-04-06,1255,4,1,12,5,N,A,Y,A,H,A,A,01,N,03,C,,,,,C,Y,N,D,2,0,0,0,22350.0,2,,,3
2018,2018-04-20,720,4,1,7,5,N,A,N,A,D,A,A,07,E,03,C,,,,,C,Y,N,D,1,0,0,0,22350.0,4,39.12751770019531,-121.56046295166016,3
2018,2018-03-26,2105,3,1,21,1,N,A,N,A,H,D,C,02,S,03,D,,Y,Y,,G,Y,F,D,1,0,1,0,22350.0,2,39.13006210327149,-121.55367279052734,2
2018,2018-04-25,1628,4,1,16,3,N,A,N,A,H,A,D,22,W,08,E,,,,,J,Y,N,D,1,0,0,0,22107.0,1,39.19838333129882,-121.31790924072266,3
2018,2018-04-23,2025,4,1,20,1,N,A,N,A,H,C,N,60,E,11,G,Y,,,,B,N,N,A,1,1,0,0,21950.0,2,39.1275634765625,-121.55841064453124,3
2018,2018-04-22,1430,4,1,14,7,Y,A,N,A,H,A,A,01,,08,E,,,,,I,Y,N,D,1,0,0,0,22107.0,1,39.30043029785156,-121.45102691650392,3
2018,2018-04-27,1810,4,1,18,5,N,A,Y,A,H,A,A,01,S,08,E,,,,,I,Y,N,D,1,0,0,0,22107.0,1,39.09498977661133,-121.54290008544922,3
2018,2018-04-27,1301,4,1,13,5,Y,B,N,A,H,A,D,22,,09,D,,,,,C,Y,N,A,2,0,0,0,21802.0,2,39.32854843139648,-121.34176635742188,4
2018,2018-05-04,550,5,1,5,5,N,A,N,A,H,B,A,01,N,08,E,,,,,I,Y,N,D,1,0,0,0,22107.0,1,39.314083099365234,-121.36846923828124,3
2018,2018-05-07,2035,5,1,20,1,N,A,N,A,H,D,A,08,N,03,C,,,,,C,N,N,D,1,0,0,0,22350.0,2,39.10149765014648,-121.57940673828124,4
2018,2018-05-09,613,5,1,6,3,Y,A,N,A,H,A,D,22,,12,D,,,,,C,Y,N,A,1,0,0,0,21453.0,3,39.12569046020508,-121.57575988769533,3
2018,2018-05-07,648,5,1,6,1,N,A,Y,A,H,A,D,22,N,03,C,,,,,C,Y,N,D,2,0,0,0,22350.0,4,39.02236557006836,-121.44490051269533,3
2018,2018-05-10,1710,5,1,17,4,N,A,Y,A,H,A,A,01,S,03,C,,,,,C,Y,N,D,1,0,0,0,22350.0,3,39.120281219482415,-121.57044982910156,4
2018,2018-05-07,753,5,1,7,1,N,A,N,A,H,A,A,01,S,03,C,,,,,C,Y,N,D,1,0,0,0,22350.0,4,39.0214958190918,-121.45509338378906,3
2018,2018-05-07,1425,5,1,14,1,N,A,Y,A,H,A,A,01,N,21,C,,,,,C,Y,N,D,1,0,0,0,22106.0,2,39.014591217041016,-121.43152618408205,4
2018,2018-05-05,2215,5,1,22,6,Y,A,N,A,H,C,D,22,,09,D,,,,,C,N,N,A,1,0,0,0,21801.0,2,39.12569046020508,-121.57575988769533,4
2018,2018-05-07,1625,5,1,16,1,Y,A,N,A,H,A,-,99,,08,B,,,,,C,Y,F,D,1,0,0,0,22107.0,2,39.113114,-121.562905,4
2018,2018-05-06,1730,5,1,17,7,N,A,N,A,H,A,C,02,E,01,F,,,Y,,A,Y,N,D,1,0,0,1,23152.0,1,39.33070373535156,-121.3559341430664,2
2018,2018-05-06,217,5,1,2,7,N,A,Y,A,H,D,A,01,S,01,C,,,,,C,Y,N,D,3,0,0,0,23152.0,2,39.12046051025391,-121.5703353881836,2
2018,2018-05-19,1500,5,1,15,6,Y,A,N,A,H,A,-,99,,10,G,Y,,,,B,N,F,A,1,1,0,0,21950.0,2,39.125696,-121.575758,2
2018,2018-05-15,1525,5,1,15,2,N,A,N,A,H,A,A,01,N,08,A,,,,,C,Y,N,D,2,0,0,0,22107.0,3,39.38138961791992,-121.32037353515624,2
2018,2018-05-02,1012,5,1,10,3,N,A,Y,A,H,A,A,07,S,05,A,,,,,C,Y,N,D,2,0,0,0,21460.0,2,39.43191146850586,-121.07618713378906,1
2018,2018-05-18,1045,5,1,10,5,Y,A,Y,A,H,A,A,07,,03,C,,,,,C,Y,N,D,1,0,0,0,22350.0,3,39.20945739746094,-121.3070831298828,4
2018,2018-06-04,1945,6,2,19,1,N,A,N,A,H,B,C,02,W,03,F,,,Y,,A,N,N,D,1,0,0,1,22350.0,1,39.478118896484375,-121.09552001953124,2
2018,2018-05-26,730,5,1,7,6,N,C,N,B,H,A,D,22,E,03,E,,,,,J,Y,N,D,2,0,0,0,22350.0,1,39.36740112304688,-121.18914794921876,3
2018,2018-05-19,1930,5,1,19,6,N,A,N,A,H,A,A,07,E,03,E,,,,,I,N,N,D,1,0,0,0,22350.0,1,39.19752883911133,-121.32328033447266,4
2018,2018-05-29,925,5,1,9,2,N,A,N,A,H,A,A,07,W,04,C,,,,,C,N,N,D,2,0,0,0,21703.0,3,39.12887954711913,-121.58411407470705,4
2018,2018-05-31,1625,5,1,16,4,N,A,Y,A,H,A,A,01,S,03,C,,,,,C,Y,N,D,2,0,0,0,22350.0,2,39.120826721191406,-121.57091522216795,3
2018,2018-05-28,1750,5,1,17,1,N,A,Y,A,H,A,D,22,N,21,C,,,,,C,N,N,A,2,0,0,0,22106.0,2,39.227935791015625,-121.4140167236328,4
2018,2018-05-28,1605,5,1,16,1,N,A,N,A,H,A,A,01,N,03,C,,,,,C,N,N,A,1,0,0,0,22350.0,2,39.227935791015625,-121.4140167236328,4
2018,2018-06-01,1720,6,2,17,5,N,A,N,A,H,A,A,01,W,03,C,,,,,C,Y,N,D,3,0,0,0,22350.0,3,39.14118576049805,-121.57270050048828,3
2018,2018-06-02,1630,6,2,16,6,N,A,N,A,H,A,A,01,W,03,C,,,,,C,Y,N,D,1,0,0,0,22350.0,2,39.13595962524414,-121.53070831298828,4
2018,2018-05-27,1200,5,1,12,7,N,A,N,A,H,A,D,22,S,08,E,,,,,I,Y,N,D,1,0,0,0,22107.0,1,39.26165390014648,-121.39459228515624,4
2018,2018-04-26,2310,4,1,23,4,N,A,Y,A,H,D,A,01,E,05,A,,,,,C,Y,N,D,1,0,0,0,21650.0,2,39.19147872924805,-121.53532409667967,1
2018,2018-05-31,1830,5,1,18,4,N,A,N,A,H,A,A,01,E,01,E,,,,,I,Y,N,D,1,0,0,0,23152.0,1,39.12810897827149,-121.53443145751952,4
2018,2018-06-01,1920,6,2,19,5,N,A,N,A,H,A,A,08,E,03,C,,,,,C,N,N,D,1,0,0,0,22350.0,2,39.12790298461913,-121.54429626464844,4
2018,2018-05-19,2300,5,1,23,6,N,A,Y,A,H,D,A,01,N,08,E,,,,,I,Y,N,D,1,0,0,0,22107.0,1,39.069873809814446,-121.5205535888672,3
2018,2018-06-01,1532,6,2,15,5,N,A,N,A,H,A,A,01,W,03,C,,,,,C,Y,N,D,1,0,0,0,22350.0,2,39.13998794555664,-121.56698608398438,4
2018,2018-06-02,2215,6,2,22,6,N,A,N,A,H,D,A,01,W,01,E,,,,,I,Y,N,D,1,0,0,0,23152.0,1,39.21428298950195,-121.52540588378906,3
2018,2018-06-03,1,6,2,0,7,N,A,N,A,H,D,D,22,S,01,E,,,,,I,Y,N,D,1,0,0,0,23152.0,1,39.185443878173835,-121.54073333740234,3
2018,2018-06-07,1130,6,2,11,4,Y,A,Y,A,H,A,A,01,,09,D,,,,,C,Y,N,A,2,0,0,0,21802.0,2,39.040725708007805,-121.47159576416016,3
2018,2018-06-10,250,6,2,2,7,N,A,N,A,H,D,D,22,N,01,F,,,,,A,Y,N,D,1,0,0,0,23152.0,1,39.38449478149414,-121.31928253173828,3
2018,2018-06-07,1605,6,2,16,4,N,A,N,A,H,A,D,22,E,08,F,,,,,A,Y,N,D,5,0,0,0,22107.0,1,39.065296173095696,-121.3146743774414,2
2018,2018-06-09,1830,6,2,18,6,N,A,N,A,B,A,-,- ,W,18,F,,,Y,,A,N,N,D,1,0,0,1,,1,39.04824066162109,-121.3425521850586,3
2018,2018-06-10,1835,6,2,18,7,N,A,Y,A,H,A,A,01,E,03,C,,,,,C,Y,N,D,1,0,0,0,22350.0,2,39.20481491088867,-121.51622772216795,4
2018,2018-06-11,340,6,2,3,1,N,A,Y,A,H,D,C,02,S,08,F,,,Y,,A,Y,N,D,1,0,0,1,22107.0,1,,,2
2018,2018-06-09,1750,6,2,17,6,N,A,Y,A,H,A,A,01,E,08,E,,,,,I,Y,M,A,1,0,0,0,22107.0,1,39.0406608581543,-121.47164154052734,4
2018,2018-06-08,1547,6,2,15,5,N,A,Y,A,H,A,A,01,N,08,E,,,,,I,Y,N,D,1,0,0,0,22107.0,1,39.30243682861328,-121.59522247314452,4
2018,2018-06-12,630,6,2,6,2,N,A,Y,A,B,A,C,02,S,03,F,,,Y,,A,N,N,D,1,0,0,1,22350.0,1,,,2
2018,2018-06-13,1032,6,2,10,3,Y,A,N,A,H,A,A,01,,12,D,,,,,C,Y,N,A,2,0,0,0,21453.0,2,39.12765121459961,-121.55564880371094,2
2018,2018-06-14,800,6,2,8,4,N,A,N,A,H,A,A,01,E,03,E,,,,,I,Y,N,D,2,0,0,0,22350.0,1,39.19709396362305,-121.32196807861328,4
2018,2018-06-20,855,6,2,8,3,N,A,N,A,H,A,A,01,W,08,F,,,,,A,Y,N,D,1,0,0,0,22107.0,1,39.020702362060554,-121.4659423828125,4
2018,2018-06-03,1740,6,2,17,7,N,A,N,A,H,A,C,02,S,06,B,,,Y,,C,Y,N,D,1,0,0,1,21750.0,2,39.3509521484375,-121.32819366455078,2
2018,2018-06-01,2225,6,2,22,5,N,A,N,A,H,D,D,22,S,05,B,,,Y,,G,N,F,D,1,0,0,1,21650.0,2,39.12413024902344,-121.58045959472656,2
2018,2018-06-16,1250,6,2,12,6,N,A,N,A,H,A,A,01,E,03,D,,,,,E,Y,N,D,1,0,0,0,22350.0,2,39.12543869018555,-121.54815673828124,4
2018,2018-06-08,1,6,2,0,5,N,A,N,A,H,D,A,01,N,01,E,,,,,I,Y,N,D,1,0,0,0,23152.0,1,39.34941101074219,-121.32992553710938,3
2018,2018-06-19,1310,6,2,13,2,N,A,N,A,H,A,A,01,N,09,D,,,,,C,Y,N,D,3,0,0,0,21801.0,2,39.02922821044922,-121.54548645019533,4
2018,2018-06-22,820,6,2,8,5,N,A,N,A,H,A,D,22,S,03,C,,,,,C,Y,N,D,3,0,0,0,22350.0,3,39.09953308105469,-121.5514678955078,4
2018,2018-06-22,605,6,2,6,5,N,A,N,A,H,B,A,01,S,01,A,,,,,C,Y,N,D,2,0,0,0,23152.0,2,39.395374298095696,-121.31340026855467,2
2018,2018-06-25,2050,6,2,20,1,N,A,N,A,H,A,D,22,N,08,E,,,,,I,Y,N,D,1,0,0,0,22107.0,1,39.03435516357422,-121.51502990722656,4
2018,2018-06-24,1520,6,2,15,7,N,A,Y,A,H,A,A,01,S,08,E,,,,,I,Y,N,D,1,0,0,0,22107.0,1,39.23551177978516,-121.600341796875,3
2018,2018-06-24,1110,6,2,11,7,N,A,N,A,H,A,D,22,N,03,D,,,,,C,Y,N,D,2,0,0,0,22350.0,2,39.26244354248047,-121.39418029785156,4
2018,2018-06-21,1658,6,2,16,4,N,A,Y,A,H,A,A,01,N,01,E,,,,,I,Y,N,D,2,0,0,0,23152.0,5,39.11782836914063,-121.56600952148438,2
2018,2018-06-27,605,6,2,6,3,N,A,N,A,H,A,D,22,E,08,E,,,,,I,Y,N,D,1,0,0,0,22107.0,1,39.071022033691406,-121.48062896728516,4
2018,2018-06-01,1845,6,2,18,5,N,A,N,A,H,A,A,01,W,03,C,,,,,C,N,N,D,1,0,0,0,22350.0,2,39.091453552246094,-121.54254150390624,4
2018,2018-06-24,120,6,2,1,7,N,A,N,A,H,C,A,01,E,01,C,,Y,,,G,Y,N,D,1,0,1,0,23152.0,2,39.13531494140625,-121.54754638671876,2
2018,2018-06-22,2048,6,2,20,5,N,A,Y,A,H,B,A,01,N,08,E,,,,,I,Y,N,D,1,0,0,0,22107.0,1,39.116992950439446,-121.56461334228516,3
2018,2018-06-26,1345,6,2,13,2,N,A,N,A,H,A,-,- ,S,18,E,,,,,I,Y,N,D,1,0,0,0,,1,39.101318359375,-121.55113220214844,4
2018,2018-06-29,1317,6,2,13,5,N,A,Y,A,H,A,A,08,S,08,E,,,,,I,Y,N,D,1,0,0,0,22107.0,1,39.25172805786133,-121.59912872314452,4
2018,2018-07-02,1115,7,2,11,1,N,A,N,A,H,A,-,- ,W,00,A,,,,,C,Y,N,A,3,0,0,0,,2,39.38859939575195,-121.08704376220705,3
2018,2018-06-29,100,6,2,1,5,N,A,N,A,H,D,A,01,N,08,G,Y,,,,B,Y,F,D,2,1,0,0,22107.0,3,39.265472412109375,-121.52964019775392,2
2018,2018-06-30,2155,6,2,21,6,N,A,N,A,H,D,-,- ,N,18,E,,,,,H,N,N,D,1,0,0,0,,1,39.283817291259766,-121.47398376464844,4
2018,2018-06-24,1550,6,2,15,7,Y,A,N,A,H,A,A,01,,12,D,,,,,C,Y,M,A,1,0,0,0,21453.0,2,39.113258361816406,-121.55838775634766,4
2018,2018-07-05,1738,7,2,17,4,N,A,N,A,H,A,A,01,W,08,E,,,,,I,Y,N,D,1,0,0,0,22107.0,1,39.19807434082031,-121.31847381591795,3