ACCIDENT_YEAR,COLLISION_DATE,COLLISION_TIME,MONTH,SEASON,24HOURS,DAY_OF_WEEK,INTERSECTION,WEATHER_1,STATE_HWY_IND,ROAD_SURFACE,ROAD_COND_1,LIGHTING,STWD_VEHTYPE_AT_FAULT,CHP_VEHTYPE_AT_FAULT,DIRECTION,PCF_VIOL_CATEGORY,TYPE_OF_COLLISION,PEDESTRIAN_ACCIDENT,BICYCLE_ACCIDENT,MOTORCYCLE_ACCIDENT,TRUCK_ACCIDENT,MVIW,TOW_AWAY,HIT_AND_RUN,CONTROL_DEVICE,NUMBER_INJURED,COUNT_PED_INJURED,COUNT_BICYCLIST_INJURED,COUNT_MC_INJURED,PCF_VIOLATION,PARTY_COUNT,POINT_Y,POINT_X,COLLISION_SEVERITY
2020,2020-04-02,1725,4,1,17,4,N,A,N,A,H,A,A,01,W,01,F,,,,,A,Y,N,D,1,0,0,0,23152.0,1,39.0064811706543,-121.5773468017578,3
2020,2020-04-02,1055,4,1,10,4,N,A,N,A,H,A,C,02,S,06,D,,,Y,,C,Y,N,D,1,0,0,1,21750.0,2,39.268569946289055,-121.39328002929688,4
2020,2020-03-31,2251,3,1,22,2,N,B,N,A,H,C,D,22,W,03,C,,,,,C,Y,N,A,3,0,0,0,22350.0,2,39.12546920776367,-121.57449340820312,3
2020,2020-04-10,1130,4,1,11,5,N,A,N,A,H,A,C,02,E,03,F,,,Y,,I,Y,N,D,1,0,0,1,22350.0,1,39.1970329284668,-121.33057403564452,3
2020,2020-04-10,1520,4,1,15,5,N,A,N,A,H,A,A,01,W,03,F,,,,,A,Y,N,D,1,0,0,0,22350.0,1,39.265254974365234,-121.54290771484376,4
2020,2020-04-14,2151,4,1,21,2,N,A,N,A,H,C,A,07,N,01,F,,,,,A,Y,N,D,1,0,0,0,23152.0,1,39.11653900146485,-121.58348846435548,4
2020,2020-04-14,1525,4,1,15,2,N,A,N,A,H,A,A,01,W,03,C,,,,,C,Y,N,D,2,0,0,0,22350.0,3,39.023296356201165,-121.45877838134766,3
2020,2020-04-15,1000,4,1,10,3,N,A,N,A,H,A,A,01,S,03,C,,,,,C,Y,N,D,1,0,0,0,22350.0,2,39.2466926574707,-121.40802764892578,4
2020,2020-04-12,2112,4,1,21,7,Y,B,N,A,H,C,D,22,,08,A,,,,,C,Y,F,A,2,0,0,0,22107.0,2,39.1344108581543,-121.5519790649414,2
2020,2020-04-19,1720,4,1,17,7,Y,A,Y,A,H,A,E,22,,01,D,,,,,C,Y,N,A,2,0,0,0,23153.0,2,,,3
2020,2020-04-15,1455,4,1,14,3,N,A,N,A,H,A,D,22,E,08,E,,,,,I,Y,N,D,1,0,0,0,22107.0,1,39.29415512084961,-121.48984527587892,4
2020,2020-04-19,1408,4,1,14,7,N,A,N,A,H,A,A,01,W,03,H,,,,,F,Y,M,D,1,0,0,0,22350.0,2,39.12226104736328,-121.56529998779295,4
2020,2020-04-21,915,4,1,9,2,N,A,N,A,H,A,D,22,E,01,E,,,,,I,Y,N,D,1,0,0,0,23152.0,1,39.17058944702149,-121.43377685546876,3
2020,2020-04-22,2245,4,1,22,3,N,A,N,A,H,D,A,07,W,08,E,,,,,I,Y,N,D,1,0,0,0,22107.0,1,39.35903930664063,-121.28969573974608,3
2020,2020-04-23,1520,4,1,15,4,N,A,N,A,H,A,A,01,N,01,E,,,,,I,Y,N,A,1,0,0,0,23152.0,1,39.29288101196289,-121.38263702392578,3
2020,2020-04-28,1613,4,1,16,2,N,A,Y,A,H,A,A,01,W,03,C,,,,,C,Y,N,D,1,0,0,0,22350.0,2,39.23069381713867,-121.35636138916016,3
2020,2020-04-27,1120,4,1,11,1,N,A,Y,A,H,A,A,07,S,08,F,,,,,A,Y,N,D,1,0,0,0,22107.0,1,39.28621292114258,-121.59456634521484,4
2020,2020-04-30,2030,4,1,20,4,Y,A,N,A,H,C,D,22,,09,D,,Y,,,G,N,N,A,1,0,1,0,21802.0,2,39.01171875,-121.55036163330078,3
2020,2020-04-30,1000,4,1,10,4,N,A,N,A,H,A,A,01,N,03,C,,,,,C,N,N,D,1,0,0,0,22350.0,2,39.09927368164063,-121.54662322998048,4
2020,2020-05-01,305,5,1,3,5,N,A,Y,A,H,D,A,01,E,08,E,,,,,I,Y,N,D,1,0,0,0,22107.0,1,39.21554946899414,-121.4800033569336,2
2020,2020-05-03,1355,5,1,13,7,N,A,N,A,H,A,A,07,N,07,D,,,,,C,Y,N,A,1,0,0,0,21658.0,2,39.125789642333984,-121.57632446289062,4
2020,2020-05-10,1250,5,1,12,7,N,A,Y,A,H,A,A,01,N,08,D,,,,,C,Y,N,D,1,0,0,0,22107.0,2,39.098041534423835,-121.54534912109376,4
2020,2020-06-25,435,6,2,4,4,Y,A,N,A,H,B,A,01,,09,D,,,,,C,Y,N,A,1,0,0,0,21802.0,2,39.15544891357422,-121.58354949951172,4
2020,2020-06-24,1534,6,2,15,3,N,A,N,A,H,A,A,01,N,08,A,,,,,C,Y,N,D,3,0,0,0,22107.0,2,39.15230178833008,-121.5743408203125,3
2020,2020-05-17,1830,5,1,18,7,N,A,N,A,H,A,D,22,W,08,E,,,,,I,Y,N,A,1,0,0,0,22107.0,1,39.13755035400391,-121.55533599853516,3
2020,2020-05-14,1853,5,1,18,4,N,A,N,A,H,A,A,07,S,08,F,,,,,A,Y,N,D,1,0,0,0,22107.0,1,39.13381576538086,-121.55236053466795,4
2020,2020-05-16,1640,5,1,16,6,Y,A,Y,A,H,A,D,22,,09,D,,,,,C,Y,N,D,3,0,0,0,21802.0,2,39.20308303833008,-121.51669311523438,2
2020,2020-05-16,1824,5,1,18,6,Y,A,N,A,H,A,J,48,,03,D,,,,,C,Y,N,A,2,0,0,0,22350.0,2,,,3
2020,2020-05-19,1615,5,1,16,2,Y,A,Y,A,H,A,A,01,,17,C,,,,,C,N,N,D,1,0,0,0,22109.0,2,39.10248565673828,-121.55064392089844,4
2020,2020-05-18,850,5,1,8,1,N,B,N,B,H,A,D,22,E,03,E,,,,,J,Y,N,D,1,0,0,0,22350.0,1,39.19718551635742,-121.32264709472656,3
2020,2020-05-17,1100,5,1,11,7,N,A,Y,A,H,A,-,- ,N,18,C,,,,,C,Y,N,A,2,0,0,0,,2,39.11348724365234,-121.55858612060548,4
2020,2020-05-26,2120,5,1,21,2,N,A,N,A,H,C,A,01,E,12,E,,,,,I,N,N,A,1,0,0,0,22450.0,1,39.128150939941406,-121.53057861328124,4
2020,2020-05-27,1108,5,1,11,3,Y,A,Y,A,H,A,D,23,,09,D,,,,,C,Y,N,A,2,0,0,0,21802.0,2,39.13816833496094,-121.52375793457033,4
2020,2020-05-21,2130,5,1,21,4,N,A,N,A,H,D,A,01,N,03,C,,,Y,,C,Y,N,D,1,0,0,1,22350.0,2,39.037063598632805,-121.51502990722656,3
2020,2020-05-22,2355,5,1,23,5,N,A,N,A,H,D,D,22,N,03,C,,,,,C,Y,F,D,3,0,0,0,22350.0,5,39.04373550415039,-121.51507568359376,2
2020,2020-05-24,1924,5,1,19,7,Y,A,N,A,H,A,A,07,,01,B,,,,,C,Y,N,A,1,0,0,0,23152.0,3,39.32854843139648,-121.34176635742188,4
2020,2020-05-26,2125,5,1,21,2,N,A,N,A,H,C,A,01,N,03,D,,,,,C,Y,N,D,1,0,0,0,22350.0,2,39.12002182006836,-121.574462890625,3
2020,2020-05-27,2000,5,1,20,3,N,A,N,A,H,A,D,22,N,01,E,,,,,I,Y,N,D,2,0,0,0,23152.0,1,39.06120300292969,-121.32589721679688,3
2020,2020-05-28,1508,5,1,15,4,N,A,N,A,H,A,A,01,E,03,C,,,,,C,N,N,A,1,0,0,0,22350.0,2,39.123023986816406,-121.57871246337892,4
2020,2020-05-29,1550,5,1,15,5,N,A,Y,A,H,A,A,01,S,03,C,,,,,C,Y,N,D,1,0,0,0,22350.0,3,39.135250091552734,-121.5898666381836,4
2020,2020-05-29,1350,5,1,13,5,N,A,N,A,H,A,D,22,W,03,C,,,,,C,N,N,D,1,0,0,0,22350.0,2,39.113067626953125,-121.56304168701172,4
2020,2020-05-30,1715,5,1,17,6,N,A,N,A,H,A,D,22,,21,B,,,,,C,N,N,D,1,0,0,0,22106.0,2,39.077251434326165,-121.54454040527344,4
2020,2020-05-24,208,5,1,2,7,N,A,N,A,H,D,A,07,N,03,C,,,,,C,Y,N,D,1,0,0,0,22350.0,3,39.036231994628906,-121.5150146484375,4
2020,2020-05-24,1335,5,1,13,7,N,A,N,A,H,A,C,02,N,03,C,,,Y,,C,Y,N,D,1,0,0,1,22350.0,2,39.34316635131836,-121.33544921875,2
2020,2020-05-23,1300,5,1,13,6,N,A,N,A,H,A,A,01,,08,F,,,,,A,Y,N,D,2,0,0,0,22107.0,1,39.26525115966797,-121.53890228271484,3
2020,2020-05-29,420,5,1,4,5,N,A,Y,A,H,D,A,01,S,08,E,,,,,I,Y,N,D,1,0,0,0,22107.0,1,39.119476318359375,-121.5691146850586,3
2020,2020-06-03,1620,6,2,16,3,N,A,Y,A,H,A,A,07,N,08,E,,,,,I,Y,N,D,1,0,0,0,22107.0,1,39.12517547607422,-121.57815551757812,4
2020,2020-06-06,1135,6,2,11,6,N,A,Y,A,H,A,C,02,,03,F,,,Y,,A,Y,N,D,1,0,0,1,22350.0,1,39.123565673828125,-121.57546997070312,2
2020,2020-06-05,1555,6,2,15,5,N,A,N,A,H,A,D,22,N,01,E,,,,,I,Y,N,D,1,0,0,0,23152.0,1,39.31155776977539,-121.41777801513672,4
2019,2019-12-07,1500,12,4,15,6,N,B,N,B,H,A,A,01,S,03,C,,,,,C,N,N,D,1,0,0,0,22350.0,2,39.118682861328125,-121.56253051757812,4
2020,2020-06-03,2235,6,2,22,3,Y,A,N,A,H,C,A,07,,12,D,,,,,C,Y,N,A,1,0,0,0,22450.0,2,39.12295913696289,-121.57878112792967,4
2020,2020-06-09,1815,6,2,18,2,N,A,N,A,H,A,D,22,W,08,E,,,,,I,Y,N,A,2,0,0,0,22107.0,1,39.19821548461913,-121.31815338134766,3
2020,2020-06-10,1600,6,2,16,3,N,A,N,A,H,A,A,01,E,08,E,,,,,I,Y,N,D,1,0,0,0,22107.0,1,38.97967147827149,-121.54649353027344,4
2020,2020-06-09,1930,6,2,19,2,N,A,N,A,H,B,D,22,W,03,G,Y,,,,B,N,N,A,1,1,0,0,22350.0,2,39.1195068359375,-121.55098724365234,3
2020,2020-06-12,1130,6,2,11,5,N,A,Y,A,D,A,D,22,E,03,C,,,,,C,Y,N,A,1,0,0,0,22350.0,2,39.22947692871094,-121.3818817138672,4
2020,2020-06-15,937,6,2,9,1,N,A,N,A,H,A,A,01,E,17,C,,Y,,,G,N,N,D,1,0,1,0,22109.0,2,39.120166778564446,-121.58123779296876,4
2020,2020-06-15,730,6,2,7,1,Y,A,N,A,H,A,D,22,,09,D,,,,,C,Y,N,A,2,0,0,0,21801.0,2,39.03010177612305,-121.51586151123048,4
2020,2020-06-10,530,6,2,5,3,Y,A,N,A,H,B,A,07,,09,D,,,,,C,Y,N,D,1,0,0,0,21801.0,2,39.127559661865234,-121.55850219726562,3
2020,2020-06-09,1610,6,2,16,2,N,A,Y,A,H,A,A,01,S,03,C,,,,,C,N,M,A,2,0,0,0,22350.0,2,39.202045440673835,-121.28703308105467,4
2020,2020-06-16,1733,6,2,17,2,N,A,N,A,H,A,N,60,W,11,G,Y,,,,B,N,N,D,1,1,0,0,21956.0,2,39.14215469360352,-121.57730865478516,2
2020,2020-06-21,1240,6,2,12,7,N,A,N,A,H,A,A,07,N,05,B,,,,,C,Y,N,D,1,0,0,0,21460.0,3,39.213321685791016,-121.51290893554688,4
2020,2020-06-21,1055,6,2,10,7,N,A,Y,A,H,A,A,01,N,05,A,,,,,C,Y,N,D,5,0,0,0,21650.0,2,39.03475189208984,-121.46305847167967,1
2020,2020-06-21,220,6,2,2,7,Y,A,N,A,H,D,A,01,,01,E,,,,,I,Y,N,A,1,0,0,0,23152.0,1,39.02640151977539,-121.54418182373048,4
2020,2020-06-20,514,6,2,5,6,N,A,Y,A,H,B,A,01,N,01,F,,,,,I,Y,N,A,1,0,0,0,23152.0,1,39.088829040527344,-121.54142761230467,4
2020,2020-06-18,955,6,2,9,4,Y,A,N,A,H,A,A,08,,09,D,,,,,C,Y,N,D,1,0,0,0,21802.0,2,39.06933975219727,-121.57892608642578,1
2020,2020-06-21,1752,6,2,17,7,Y,A,N,A,H,A,A,07,,09,D,,,Y,,C,Y,N,A,2,0,0,0,21802.0,2,39.2425193786621,-121.5027313232422,1
2020,2020-06-29,1958,6,2,19,1,N,A,N,A,H,A,C,03,N,08,E,,,Y,,I,N,N,D,1,0,0,1,22107.0,1,39.054931640625,-121.57901763916016,3
2020,2020-06-29,1735,6,2,17,1,N,A,N,A,H,A,A,01,W,03,E,,,,,I,Y,N,D,1,0,0,0,22350.0,1,39.1648063659668,-121.45294952392578,4
2020,2020-06-28,1335,6,2,13,7,N,A,N,A,H,A,C,02,E,03,H,,,Y,,I,N,N,D,1,0,0,1,22350.0,1,39.07497787475586,-121.55958557128906,3
2020,2020-06-26,1520,6,2,15,5,N,A,N,A,H,A,D,22,W,09,D,,,,,C,Y,N,D,2,0,0,0,21804.0,2,39.12670135498047,-121.55652618408205,4
2020,2020-06-30,550,6,2,5,2,N,A,N,A,H,A,A,07,S,08,F,,,,,A,Y,N,D,1,0,0,0,22107.0,1,39.004493713378906,-121.57582092285156,2
2020,2020-07-03,1148,7,2,11,5,N,A,N,A,H,A,D,22,W,03,C,,,,,C,N,N,D,2,0,0,0,22350.0,2,39.07712173461913,-121.552001953125,4
2020,2020-07-01,1310,7,2,13,3,Y,A,N,A,H,A,A,01,,12,D,,,,,C,Y,N,A,2,0,0,0,22450.0,2,39.11991882324219,-121.58139038085938,4
2020,2020-07-03,1045,7,2,10,5,N,A,Y,A,H,A,A,01,S,03,C,,,,,C,N,N,A,1,0,0,0,22350.0,2,39.12564849853516,-121.5758056640625,4
2020,2020-07-04,1749,7,2,17,6,N,A,N,A,H,A,A,01,W,08,E,,,,,I,Y,N,D,1,0,0,0,22107.0,1,39.4005126953125,-121.10430908203124,3
2020,2020-06-30,2153,6,2,21,2,N,A,N,A,H,D,A,01,W,03,C,,,Y,,C,Y,F,A,0,0,0,0,22350.0,2,39.12544631958008,-121.5744171142578,1
2020,2020-07-04,631,7,2,6,6,N,A,N,A,H,A,A,01,W,22,E,,,,,I,N,N,A,1,0,0,0,,1,39.09355163574219,-121.55632781982422,4
2020,2020-07-04,1923,7,2,19,6,N,A,N,A,H,A,A,01,N,08,E,,,,,I,Y,N,D,1,0,0,0,22107.0,1,39.32681655883789,-121.38878631591795,3
2020,2020-07-06,115,7,2,1,1,N,A,N,A,H,D,A,01,N,01,E,,,,,I,Y,N,D,1,0,0,0,23152.0,1,39.2348861694336,-121.6003875732422,2
2020,2020-07-07,1415,7,2,14,2,N,A,Y,A,H,A,C,03,S,03,E,,,Y,,I,Y,N,D,1,0,0,1,22350.0,1,39.09789276123047,-121.54500579833984,3
2020,2020-07-07,638,7,2,6,2,N,A,Y,A,H,A,A,01,E,03,C,,,,,C,Y,N,D,1,0,0,0,22350.0,2,39.22149658203125,-121.44635772705078,4
2020,2020-07-08,1000,7,2,10,3,Y,A,Y,A,D,A,F,27,,09,D,,,,Y,C,Y,N,A,1,0,0,0,21801.0,2,39.16994857788086,-121.58999633789062,4
2020,2020-07-14,1316,7,2,13,2,N,A,Y,A,H,A,A,07,W,08,B,,,,,C,Y,N,D,4,0,0,0,22107.0,2,39.12505722045898,-121.5764389038086,3
2020,2020-07-06,2050,7,2,20,1,N,A,N,A,H,D,C,02,N,08,E,,,Y,,I,N,N,D,1,0,0,1,22107.0,1,39.31287384033203,-121.4170150756836,2
2020,2020-07-09,625,7,2,6,4,N,A,Y,A,H,A,A,01,N,08,E,,,,,I,Y,N,D,1,0,0,0,22107.0,1,39.10519409179688,-121.5532455444336,2
2020,2020-07-12,1935,7,2,19,7,N,A,N,A,H,A,D,22,E,03,C,,,,,C,Y,N,D,1,0,0,0,22350.0,2,39.12978744506836,-121.58351135253906,4
2020,2020-07-11,1345,7,2,13,6,N,A,N,A,H,A,A,01,,01,E,,,,,J,Y,N,D,1,0,0,0,23152.0,1,,,3
2020,2020-07-12,1935,7,2,19,7,N,A,N,A,H,A,A,01,W,08,F,,,,,D,N,N,D,1,0,0,0,22107.0,1,39.16217422485352,-121.45631408691406,2
2020,2020-07-13,1115,7,2,11,1,N,A,N,A,H,A,A,01,E,03,C,,,,,C,Y,N,D,1,0,0,0,22350.0,2,39.12617874145508,-121.56706237792967,4
2020,2020-07-14,205,7,2,2,2,N,A,Y,A,H,D,A,07,N,02,C,,,,Y,C,Y,N,A,2,0,0,0,22400.0,2,39.27838897705078,-121.59549713134766,3
2020,2020-07-11,1700,7,2,17,6,N,A,N,A,H,A,C,02,E,08,F,,,Y,,A,Y,N,D,1,0,0,1,22107.0,1,39.37668228149414,-121.21027374267578,2
2020,2020-07-15,1530,7,2,15,3,N,A,Y,A,H,A,D,22,W,03,C,,,,,C,N,N,D,1,0,0,0,22350.0,2,39.32856369018555,-121.34180450439452,3
2020,2020-07-19,830,7,2,8,7,N,A,N,A,H,A,D,22,E,03,E,,,,,I,Y,N,D,1,0,0,0,22350.0,1,39.36118316650391,-121.24066925048828,4
2020,2020-07-14,1535,7,2,15,2,N,A,N,A,H,A,A,01,E,08,E,,,,,J,Y,N,A,1,0,0,0,22107.0,1,39.219635009765625,-121.5819854736328,2
2020,2020-07-19,1300,7,2,13,7,N,A,N,A,H,A,A,01,W,03,C,,,,,C,Y,N,D,1,0,0,0,22350.0,2,39.139774322509766,-121.56595611572266,4
2020,2020-07-21,922,7,2,9,2,N,A,N,A,H,A,D,22,E,21,C,,,,,C,N,N,D,2,0,0,0,22106.0,2,39.07712173461913,-121.55179595947266,4
2020,2020-07-14,1650,7,2,16,2,N,A,N,A,H,A,C,02,W,08,F,,,Y,,A,Y,N,D,1,0,0,1,22107.0,1,39.083587646484375,-121.5462646484375,3
2020,2020-07-19,240,7,2,2,7,N,A,Y,A,H,C,A,01,S,01,E,,,,,I,Y,M,D,1,0,0,0,23152.0,1,39.10995101928711,-121.55680847167967,3
2020,2020-07-18,1920,7,2,19,6,N,A,N,A,H,A,A,01,E,08,F,,,,,A,Y,N,D,2,0,0,0,22107.0,1,39.04450988769531,-121.33773040771484,3
2020,2020-07-20,2055,7,2,20,1,Y,A,N,A,H,C,A,07,,09,D,,,,,C,Y,N,D,1,0,0,0,21801.0,2,,,4
2020,2020-07-18,2303,7,2,23,6,N,A,N,A,H,D,A,07,S,01,E,,,,,I,Y,N,A,1,0,0,0,23152.0,1,39.182174682617195,-121.3047103881836,2
2020,2020-07-18,1845,7,2,18,6,Y,A,N,A,H,A,A,07,,09,B,,,Y,,C,N,N,A,2,0,0,2,21802.0,2,39.12350845336913,-121.58299255371094,2
2020,2020-07-16,1556,7,2,15,4,N,A,N,A,H,A,A,07,S,03,C,,,,,C,N,N,D,1,0,0,0,22350.0,2,39.13787078857422,-121.59174346923828,4
2020,2020-07-18,535,7,2,5,6,N,A,Y,A,H,A,A,07,N,05,D,,,,,C,Y,N,D,1,0,0,0,21460.0,2,39.29201126098633,-121.59493255615234,2
2020,2020-07-22,2113,7,2,21,3,N,A,N,A,H,C,A,01,N,08,F,,,,,A,Y,N,D,1,0,0,0,22107.0,1,39.099552154541016,-121.56075286865234,3
2020,2020-07-22,1400,7,2,14,3,N,A,Y,A,H,A,D,22,E,03,B,,,,,C,Y,N,D,1,0,0,0,22350.0,2,39.233360290527344,-121.37008666992188,4
2020,2020-07-26,1400,7,2,14,7,N,A,Y,A,H,A,A,07,S,08,F,,,,,A,Y,N,D,1,0,0,0,22107.0,1,38.80200958251953,-121.54354095458984,3
2020,2020-07-27,1840,7,2,18,1,N,A,N,A,H,A,A,07,W,03,F,,,,,A,Y,N,D,1,0,0,0,22350.0,1,39.19834899902344,-121.31796264648438,3
2020,2020-07-23,310,7,2,3,4,N,A,Y,A,H,C,D,22,S,03,C,,,,,C,Y,N,D,1,0,0,0,22350.0,2,39.06541061401367,-121.54170989990234,4
2020,2020-07-24,2130,7,2,21,5,N,A,N,A,G,A,D,22,E,08,F,,,,,A,Y,N,D,2,0,0,0,22107.0,1,39.5227165222168,-121.08721160888672,2
2020,2020-06-19,2149,6,2,21,5,Y,A,Y,A,H,C,N,60,,11,G,Y,,,,B,N,N,D,1,1,0,0,21954.0,2,39.14677429199219,-121.58686065673828,3
2020,2020-07-27,315,7,2,3,1,Y,A,N,A,H,C,A,01,,01,E,,,,,I,Y,N,D,1,0,0,0,23152.0,1,39.10485076904297,-121.56082153320312,3
2020,2020-06-14,1301,6,2,13,7,N,A,Y,A,H,A,N,60,S,11,G,Y,,,,B,N,N,D,1,1,0,0,21956.0,2,39.13731384277344,-121.59011840820312,2
2020,2020-07-26,1810,7,2,18,7,N,B,Y,A,H,A,C,02,N,08,E,,,Y,,I,Y,N,D,1,0,0,1,22107.0,1,39.4969596862793,-121.03763580322266,2
2020,2020-07-26,1949,7,2,19,7,N,A,N,A,H,A,A,01,W,03,C,,,,,C,Y,N,D,1,0,0,0,22350.0,2,39.12728118896485,-121.56334686279295,4
2020,2020-07-15,525,7,2,5,3,N,A,Y,A,H,A,A,01,W,07,E,,,,,I,N,N,D,1,0,0,0,21658.0,1,38.987808227539055,-121.54345703125,3
2020,2020-07-09,2331,7,2,23,4,Y,A,Y,A,H,C,A,01,,01,D,Y,,,,C,Y,N,A,3,1,0,0,23152.0,3,39.145469665527344,-121.59527587890624,3
2020,2020-08-01,1855,8,2,18,6,Y,A,N,A,H,A,C,03,,12,D,,,Y,,C,N,N,B,1,0,0,1,22450.0,2,39.08797073364258,-121.54952239990234,2
2020,2020-07-13,2111,7,2,21,1,Y,A,Y,A,H,C,A,07,,03,C,,,,,C,N,N,A,1,0,0,0,22350.0,2,39.09090805053711,-121.54037475585938,4
2020,2020-08-02,1410,8,2,14,7,Y,A,N,A,H,A,A,07,,09,D,,,,,C,Y,N,D,1,0,0,0,21801.0,3,39.169090270996094,-121.43907928466795,3
2020,2020-07-12,858,7,2,8,7,N,A,Y,A,H,A,A,01,S,03,F,,,,,C,Y,N,A,1,0,0,0,22350.0,2,39.13887405395508,-121.59043884277344,4
2020,2020-07-17,1144,7,2,11,5,Y,A,Y,A,H,A,N,60,,11,G,Y,,,,-,N,N,A,1,1,0,0,21954.0,2,39.13731384277344,-121.59011840820312,4
2020,2020-08-01,1245,8,2,12,6,N,A,N,A,H,A,D,22,E,08,B,,,,,C,Y,N,D,1,0,0,0,22107.0,2,39.13818740844727,-121.52371215820312,4
2020,2020-08-02,1735,8,2,17,7,N,A,Y,A,H,A,D,22,S,08,E,,,,,I,Y,N,D,0,0,0,0,22107.0,1,39.122196197509766,-121.57358551025392,1
2020,2020-08-05,653,8,2,6,3,Y,A,N,A,H,A,A,07,,06,B,,,,,C,Y,N,D,1,0,0,0,21750.0,2,39.096588134765625,-121.56073760986328,4
2020,2020-08-05,1420,8,2,14,3,Y,A,N,A,H,A,A,01,,12,D,,,,,C,Y,N,A,1,0,0,0,21453.0,2,39.12765121459961,-121.55564880371094,4
2020,2020-07-31,655,7,2,6,5,N,A,N,A,H,A,D,22,N,08,B,,,,Y,E,Y,M,D,1,0,0,0,22107.0,3,39.0919075012207,-121.55171966552734,3
2020,2020-08-04,1600,8,2,16,2,Y,A,N,A,H,A,-,99,,03,D,,,,,C,N,M,A,1,0,0,0,22350.0,2,,,3
2020,2020-08-13,1620,8,2,16,4,Y,A,Y,A,H,A,D,22,,09,A,,,,,C,Y,N,D,2,0,0,0,21801.0,2,39.22794342041016,-121.4138641357422,3
2020,2020-08-13,1550,8,2,15,4,N,A,Y,A,H,A,D,22,N,03,C,,,,,C,Y,N,D,2,0,0,0,22350.0,3,39.12466049194336,-121.57730102539062,4
2020,2020-08-11,1825,8,2,18,2,N,A,Y,A,H,A,A,01,S,01,C,,,,,C,Y,N,D,3,0,0,0,23152.0,2,39.07291412353516,-121.52420806884766,2
2020,2020-08-12,540,8,2,5,3,N,A,Y,A,H,B,A,07,S,05,E,,,,,I,Y,N,D,1,0,0,0,21650.0,1,39.484107971191406,-121.04049682617188,3
2020,2020-08-14,930,8,2,9,5,N,A,Y,A,H,A,A,01,S,08,F,,,,,A,Y,N,D,2,0,0,0,22107.0,1,39.235652923583984,-121.60033416748048,3
2020,2020-08-17,810,8,2,8,1,N,A,Y,A,H,A,A,07,S,08,E,,,,,I,Y,N,D,1,0,0,0,22107.0,1,39.37076568603516,-121.1021728515625,3
2020,2020-08-15,320,8,2,3,6,N,A,Y,A,H,D,C,02,N,08,F,,,Y,,A,Y,N,D,1,0,0,1,22107.0,1,39.0424690246582,-121.4760971069336,4
2020,2020-08-18,2330,8,2,23,2,Y,A,N,A,H,C,A,01,,01,D,,,,,C,Y,N,D,2,0,0,0,23152.0,2,,,3
2020,2020-08-08,1130,8,2,11,6,N,A,N,A,H,A,A,07,E,08,F,,,,,A,Y,N,D,1,0,0,0,22107.0,1,39.15206527709961,-121.48468780517578,4
2020,2020-08-15,948,8,2,9,6,Y,A,N,A,H,A,J,48,,09,D,,,,,C,Y,N,A,1,0,0,0,21802.0,2,,,4
2020,2020-08-15,1810,8,2,18,6,N,A,N,A,H,A,A,01,S,03,F,,,,,A,Y,N,D,1,0,0,0,22350.0,1,39.10942840576172,-121.28298950195312,3
2020,2020-08-17,2320,8,2,23,1,N,A,Y,A,H,D,-,- ,S,00,E,,,,,I,Y,N,A,1,0,0,0,,1,39.26422500610352,-121.59735870361328,4
2020,2020-08-17,1005,8,2,10,1,N,B,Y,A,H,A,A,01,S,03,C,,,,,C,Y,N,D,2,0,0,0,22350.0,3,39.124542236328125,-121.57698059082033,3
2020,2020-08-19,1157,8,2,11,3,N,B,N,A,H,A,A,08,W,08,E,,,,,J,Y,N,D,1,0,0,0,22107.0,1,39.33081817626953,-121.35408782958984,3
2020,2020-08-24,650,8,2,6,1,N,A,N,A,H,A,A,01,W,05,B,,,,,C,Y,N,D,1,0,0,0,21460.0,2,39.13531494140625,-121.54754638671876,4